序号,车型,上车时间,城 市,起点,终点,里程 [公里],金额 [元]
1,快车,03-28 23:14 周四,北京市,兴业大街|北京石油化工学院-北1门,观音寺小区25号楼,4.5,17.2
2,快车,03-31 15:21 周日,北京市,兴华大街|枣园东里-西区-南门,大兴区|康泰园,2.8,10.4
3,快车,03-31 19:48 周日,北京市,康庄路|康泰园-南门,兴业大街|北京石油化工学院-北1门,2.3,9.1
4,快车,04-02 10:34 周二,北京市,北京石油化工学院-南门,观音寺小区25号楼,3.9,11.44
5,快车,04-03 07:13 周三,北京市,观音寺-北门,兴华大街|北京石油化工学院-南门,3.8,18.08
6,快车,04-04 11:21 周四,北京市,国家教育行政学院-北门,观音寺小区25号楼,4,13.08
7,快车,04-06 00:00 周六,北京市,兴华大街|北京石油化工学院-北2门,大兴区|康泰园,2.1,13
8,快车,04-06 16:20 周六,北京市,康庄路|阳光百益大药房(第十六分店),观音寺小区25号楼,6.2,20.12
9,快车,04-07 14:57 周日,北京市,观音寺-北门,兴华大街|彤妍堂克丽缇娜(丽园店),3.4,13
10,快车,04-08 09:35 周一,北京市,北京石油化工学院-南门,观音寺小区25号楼,4,12.24
11,快车,04-08 21:39 周一,北京市,兴华大街|枣园东里西区-西门,观音寺小区25号楼,4.5,21.2
12,快车,04-09 07:34 周二,北京市,观音寺-北门,兴华大街|北京石油化工学院-南门,3.5,18.4
13,快车,04-09 18:09 周二,北京市,黄村|大兴一中-西门,黄村|海底捞火锅(星城商厦店),2.4,12.09
14,快车,04-09 22:06 周二,北京市,兴华大街|北京石油化工学院-北1门-上车点,观音寺小区25号楼,4.4,19.04
15,快车,04-10 07:28 周三,北京市,观音寺-北门,兴华大街|北京石油化工学院-南门,3.3,14.88
16,快车,04-11 16:40 周四,北京市,兴华大街|北京石油化工学院-北2门,观音寺小区25号楼,4.4,14.54
17,快车,04-14 19:28 周日,北京市,兴华大街|北京石油化工学院(北2门),大兴区|康泰园,2.4,11.96
18,快车,04-16 12:49 周二,北京市,兴华大街|北京石油化工学院-北2门,兴丰大街|新里西斯莱公馆北区-北1门,2.9,11.05
19,快车,04-21 15:02 周日,北京市,兴华大街|北京石油化工学院-北2门,观音寺小区25号楼,4.4,13.1
20,快车,04-24 19:32 周三,北京市,兴华大街|兴创大厦-东门北侧,兴业大街|北京石油化工学院-北1门,2.2,11.96
21,快车,04-25 13:14 周四,北京市,兴华大街|北京石油化工学院-北2门,观音寺小区25号楼,4.8,12.12
22,快车,04-29 15:53 周一,北京市,观音寺-北门,兴业大街|北京石油化工学院-北1门,3.7,13
23,快车,04-30 16:11 周二,北京市,兴华大街|北京石油化工学院-北2门,帝园商城(黄村东大街),3,13
24,快车,05-01 18:56 周三,北京市,兴业大街|枣园小区-西北门,大兴区|康泰园(南门),1.7,13
25,快车,05-07 17:05 周二,北京市,兴华大街|枣园小区-南门,观音寺小区25号楼,4.3,14.42
26,快车,05-08 07:29 周三,北京市,观音寺-北门,兴华大街|北京石油化工学院-南门,3.7,17.12
27,快车,05-09 11:26 周四,北京市,兴华大街|北京石油化工学院-南门,观音寺小区25号楼,4,13
28,快车,05-10 21:40 周五,北京市,兴华大街|北京石油化工学院-北2门,观音寺小区25号楼,4.4,18.04
29,快车,05-13 07:34 周一,北京市,观音寺-北门,兴华大街|北京石油化工学院-南门,4,18.4
30,快车,05-15 14:27 周三,北京市,兴华大街|北京石油化工学院-北2门,观音寺小区25号楼,4.3,13.38
31,快车,05-16 09:55 周四,北京市,兴华大街|北京石油化工学院-北2门,大兴区|康泰园,2.1,12.48
32,快车,05-16 15:25 周四,北京市,康庄路|康泰园-南门,兴业大街|北京石油化工学院-北1门,2.2,12.48
33,快车,05-18 16:02 周六,北京市,兴华大街|北京石油化工学院-北2门,观音寺小区25号楼,4.4,14.82
34,快车,05-23 22:19 周四,北京市,兴业大街|中国工商银行(丽园路支行),观音寺小区25号楼,4.7,16.81
35,快车,05-27 22:46 周一,北京市,兴华大街|北京石油化工学院-北2门,观音寺小区25号楼,4.4,17.04
36,快车,05-28 07:33 周二,北京市,观音寺-北门,兴华大街|北京石油化工学院-南门,3.9,19.84
37,快车,06-01 22:58 周六,北京市,兴业大街|中国工商银行(丽园路支行),观音寺小区25号楼,4.6,21.14
38,快车,06-02 16:59 周日,北京市,观音寺-北门,大兴区|康泰园,6.1,20.94
39,快车,06-04 17:30 周二,北京市,兴华大街|北京石油化工学院-北2门,观音寺小区25号楼,4.3,17.28
40,快车,06-08 10:22 周六,北京市,观音寺-北门,大兴区|康泰园,6.2,18.73
41,快车,06-08 16:56 周六,北京市,兴华大街|波普公社小区,黄村|大兴一中-北门,3.2,11.44
42,快车,06-08 21:07 周六,北京市,"兴业大街|中国工商银行(丽园路支行
)对面",黄村西大街-地铁站,2.8,13
43,快车,06-09 15:45 周日,北京市,观音寺-北门,大兴区|康泰园,6.5,20.98
44,快车,06-09 16:09 周日,北京市,康庄路|康泰园-南门,大兴区康庄路53号|康泰园(南门),12.6,38.86
45,快车,06-10 07:35 周一,北京市,黄村|康泰园,兴业大街|北京石油化工学院-北1门,2.2,13
46,快车,06-13 20:57 周四,北京市,兴华大街|北京石油化工学院-北2门,大兴区|康泰园,0.9,13
47,快车,06-14 12:42 周五,北京市,康庄路|康泰园-南门,兴业大街|北京石油化工学院-北1门,2.3,12.87
48,快车,06-14 22:18 周五,北京市,"兴业大街|中国工商银行(丽园路支行
)对面",观音寺小区25号楼,4.6,16.15
49,快车,06-15 15:43 周六,北京市,兴华大街|北京石油化工学院-南门,大兴区|康泰园,2.4,12.87
50,快车,06-16 18:04 周日,北京市,观音寺-北门,兴业大街|北京石油化工学院-北1门,4,14.05
51,快车,06-16 19:42 周日,北京市,兴华大街|彩虹新城商铺,大兴区|康泰园,3.6,11.44
52,快车,06-16 23:41 周日,北京市,兴华园-公交站路西,观音寺小区25号楼,3.9,14.29
53,快车,06-22 16:26 周六,北京市,兴华大街|北京石油化工学院-北2门,大兴区|康泰园,2.4,13
54,快车,06-23 21:21 周日,北京市,观音寺-北门,大兴区|康泰园,6.2,26.92
55,快车,06-24 17:30 周一,北京市,鑫手勺东北菜(康庄路店),兴业大街|北京石油化工学院-北1门,5.4,23.04
56,快车,06-25 15:11 周二,北京市,兴华大街|北京石油化工学院-北2门,大兴区|康泰园,2.2,13
57,快车,06-25 21:00 周二,北京市,兴华大街|枣园地铁站D西南口,大兴区|康泰园,2.5,13
58,快车,06-25 22:01 周二,北京市,"兴业大街|中国工商银行(丽园路支行
)对面",大兴区|康泰园,2.6,13
59,快车,06-26 10:57 周三,北京市,鑫手勺东北菜(康庄路店),兴业大街|北京石油化工学院-北1门,2.3,13
60,快车,06-26 16:12 周三,北京市,兴华大街|北京石油化工学院-北2门,观音寺小区25号楼,4.4,14.04
61,快车,07-14 18:17 周日,北京市,观音寺-北门,大兴区|康泰园,6.2,18.39
62,快车,07-15 12:06 周一,北京市,康庄路|康泰园-南门,观音寺小区25号楼,6.3,19.62
63,快车,07-15 14:49 周一,北京市,观音寺-北门,枣园-地铁站,6.3,24.12
64,快车,07-24 13:14 周三,北京市,当前位置,枣园-地铁站,4.1,15.04
65,快车,07-24 18:56 周三,北京市,当前位置,兴华大街|咖啡一色(石化学院丽园小区东南),3.5,16.43
66,快车,07-25 17:00 周四,北京市,当前位置,大兴区|康泰园,6.2,24.88
67,快车,07-26 08:12 周五,北京市,当前位置,滨河|大兴二中站自行车租赁点,2.6,14
68,快车,07-27 15:52 周六,北京市,当前位置,大兴区|东方乐巢KTV,2.4,13
69,快车,07-27 18:02 周六,北京市,当前位置,观音寺小区25号楼,2.3,11.44
70,快车,07-30 10:47 周二,北京市,当前位置,清源|核工业管理干部学院,2,13
71,快车,07-30 15:32 周二,北京市,当前位置,兴华大街|咖啡一色(石化学院丽园小区东南),2.2,10.4
72,快车,08-01 09:58 周四,北京市,当前位置,大兴区|康泰园,6.2,22.48
73,快车,08-03 12:24 周六,北京市,当前位置,黄村西大街-地铁站,1.7,13
74,快车,08-04 12:34 周日,北京市,当前位置,大兴区|恒源农家院(二店),4.2,15.11
75,快车,08-04 16:29 周日,北京市,当前位置,兴华大街|北京印刷学院,3,13
76,快车,08-04 17:19 周日,北京市,当前位置,大兴区|康泰园,3.2,13.31
77,快车,08-05 20:14 周一,北京市,当前位置,观音寺小区25号楼,8.1,27.21
78,快车,08-06 19:40 周二,北京市,当前位置,兴华大街|布尔专业宠物养护中心,3.6,14.99
79,快车,08-06 21:44 周二,北京市,当前位置,观音寺小区25号楼,4.2,18
80,快车,08-07 11:38 周三,北京市,当前位置,兴华大街|北京石油化工学院-北2门,4.7,15.88
81,快车,08-07 12:11 周三,北京市,当前位置,黄村|川府老妈菜馆,3.8,12.99
82,快车,08-07 22:39 周三,北京市,当前位置,崇文门-地铁站,0.1,14.08
83,快车,08-09 16:17 周五,北京市,当前位置,兴华大街|北京小学大兴分校,3,13
84,快车,08-09 16:54 周五,北京市,当前位置,大兴区|天键广场,2.6,13
85,快车,08-09 19:11 周五,北京市,枣园路|大兴区第十幼儿园-南门,兴华大街|北京市大兴区枣园小学-北门,0.9,14
86,快车,08-15 12:15 周四,北京市,观音寺-北门,枣园-地铁站,4.3,14.82
87,快车,08-16 15:23 周五,北京市,观音寺-北门,大兴区|康泰园,6.2,21.98
88,快车,08-17 20:53 周六,北京市,途美酒店(北京黄村西大街店)对面,兴业大街|北京石油化工学院-北1门,4.4,15.97
89,快车,08-17 21:26 周六,北京市,兴业大街|中国工商银行(丽园路支行),观音寺小区25号楼,4.7,18.42
90,快车,08-18 15:08 周日,北京市,观音寺-北门,枣园-地铁站,4,14.53
91,快车,08-19 16:43 周一,北京市,观音寺-北门,兴业大街|北京石油化工学院-北1门,4.7,15.38
92,快车,08-21 10:18 周三,北京市,观音寺-北门,枣园-地铁站,4.3,14.82
93,快车,08-23 10:09 周五,北京市,观音寺-北门,大兴区|康泰园,6.2,21.48
94,快车,08-25 14:18 周日,北京市,观音寺-北门,大兴区|康泰园,6.1,20.86
95,快车,08-27 21:25 周二,北京市,康庄路|住总·兴康家园-北门对面,兴业大街|北京石油化工学院-北1门,1.9,14
96,快车,08-28 13:21 周三,北京市,康庄路|康泰园-南门,枣园-地铁站,2.3,13
97,快车,08-28 22:10 周三,北京市,兴业大街|中国工商银行(丽园路支行),观音寺小区25号楼,4.6,17.6
98,快车,08-29 22:10 周四,北京市,兴业大街|中国工商银行(丽园路支行),观音寺小区25号楼,4.7,19.78
99,快车,08-30 17:40 周五,北京市,观音寺-北门,兴业大街|北京石油化工学院-北1门,4.7,21.28
100,快车,08-31 13:37 周六,北京市,阿泰包子(枣园路),观音寺小区25号楼,5.7,16.34
101,快车,09-06 20:20 周五,北京市,兴华大街|枣园小区-南门对面,观音寺小区25号楼,4.3,16.95
102,快车,09-07 12:33 周六,北京市,兴华大街|吉野家(枣园路店),观音寺小区25号楼,6.3,29.21
103,快车,09-09 13:14 周一,北京市,观音寺北里小区,兴华大街|绿地中央广场(高米店),4.8,15.52
104,快车,09-12 16:25 周四,北京市,兴华大街|北京石油化工学院-北2门,观音寺小区25号楼,4.1,16.04
105,快车,09-12 17:42 周四,北京市,观音寺-北门,黄村西大街-地铁站,1.6,14
106,快车,09-13 09:46 周五,北京市,兴华大街|北京石油化工学院-南门,观音寺小区25号楼,4.1,15.28
107,快车,09-24 09:18 周二,北京市,观音寺-北门,兴业大街|北京石油化工学院-北1门,4.9,17.14
108,快车,09-27 09:21 周五,北京市,观音寺-北门,兴业大街|北京石油化工学院-北1门,4.2,17.58
109,快车,09-28 17:43 周六,北京市,兴华大街|北京石油化工学院-南门,观音寺小区25号楼,4.1,15.28
110,快车,10-02 19:09 周三,北京市,兴丰大街|肯德基(绿地缤纷城北区)东南侧,大兴区黄村镇一中心观音寺小学,4.7,15.6
111,快车,10-02 20:55 周三,北京市,观音寺-北门,兴业大街|北京石油化工学院-北1门,4.6,16.55
112,快车,10-02 21:33 周三,北京市,兴业大街|中国工商银行(丽园路支行),观音寺小区25号楼,4.3,16.89
113,快车,10-03 13:44 周四,北京市,兴盛街189号院-东2门,枣园-地铁站,1.3,13
114,快车,10-03 17:11 周四,北京市,"黄村|北京市大兴区疾病预防控制中心
-南门",大兴区黄村镇一中心观音寺小学,1.6,13
115,快车,10-04 21:54 周五,北京市,"兴业大街|中国工商银行(丽园路支行
)对面",观音寺小区25号楼,4.6,17.55
116,快车,10-07 11:11 周一,北京市,观音寺-北门,荟聚·西红门购物中心地下停车场-出入口,7.8,22.14
117,快车,10-07 21:42 周一,北京市,兴华园-公交站路西,观音寺小区25号楼,3.7,15.55
118,快车,10-08 10:17 周二,北京市,观音寺-北门,兴业大街|北京石油化工学院-北1门,4.3,15.32
119,快车,10-08 21:47 周二,北京市,兴华大街|北京石油化工学院-北2门,观音寺小区25号楼,4.2,17.35
120,快车,10-09 13:13 周三,北京市,观音寺-北门,兴业大街|北京石油化工学院-北1门,4.2,14.68
121,快车,10-14 19:27 周一,北京市,兴业大街|北京石油化工学院-北1门,观音寺小区25号楼,4.5,18.08
122,快车,10-19 19:08 周六,北京市,观音寺-北门,兴华大街|最·影城,3.1,13.15
123,快车,11-02 22:36 周六,北京市,兴业大街|中国工商银行(丽园路支行),观音寺小区25号楼,4.7,17.77
124,快车,11-05 11:33 周二,北京市,兴华大街|北京石油化工学院-北2门,观音寺小区25号楼,4.1,14.6
125,快车,11-05 15:52 周二,北京市,观音寺-北门,兴华大街|北京石油化工学院-南门,3.7,13.14
126,快车,11-10 16:06 周日,北京市,兴华大街|彩虹新城-西1门,大兴区黄村镇一中心观音寺小学,3.6,7.92
127,快车,11-10 18:05 周日,北京市,观音寺-北门,大兴区|康泰园,6.19,20.62
128,快车,11-21 12:40 周四,北京市,知春路|泛亚大厦-北门,学院路|北京科技大学-东2门,5.8,16.03
129,快车,11-21 13:20 周四,北京市,学院路|北京科技大学-东2门,定福庄|北京第二外国语学院,27.36,47.72
130,快车,11-24 17:40 周日,北京市,将台路|将台地铁站C东南口,将台路|ZMAX HOTELS北京酒仙桥丽都798酒店(北京7…,1.7,13
131,快车,11-29 18:11 周五,北京市,兴业大街|中国工商银行(丽园路支行),观音寺小区25号楼,4.4,21.11
132,快车,11-29 19:30 周五,北京市,大兴区黄村镇一中心观音寺小学-西门,黄村西大街地铁站A西北口,1.7,14
133,快车,11-30 14:31 周六,北京市,观音寺-北门,大兴区|康泰园,6.2,23.43
134,快车,12-01 13:44 周日,北京市,观音寺-北门,兴华大街|咖啡一色(石化学院丽园小区东南),4.1,9.74
135,快车,12-04 22:30 周三,北京市,兴华大街|艾莎菲尔(大兴七店),观音寺小区25号楼,4.2,16.7
136,快车,12-07 16:07 周六,北京市,康庄路|康泰园-南门,观音寺小区25号楼,6.3,22.25
137,快车,12-09 13:08 周一,北京市,观音寺-北门,兴华大街|北京石油化工学院-南门,4,13.68
138,快车,12-27 16:14 周五,北京市,兴业大街|中国工商银行(丽园路支行),观音寺小区25号楼,4.7,12.38
139,快车,12-27 17:52 周五,北京市,观音寺-北门,兴丰大街|盛和轩烤鸭店(彩虹新城店),3,14.06
140,快车,12-27 23:27 周五,北京市,康庄西巷|北京大兴华夏村镇银行,兴华大街|绿地中央广场(高米店),2.8,13.3
141,快车,12-28 08:51 周六,北京市,大望路|LGD(金地广场店),朝阳区|奥加美术馆酒店,0,4
142,快车,12-28 08:57 周六,北京市,大望路|北京银行(现代城支行),朝阳区|奥加美术馆酒店,7,18.43
143,快车,12-28 17:13 周六,北京市,旗舰路|海通·梧桐苑-北门,朝阳区|幸福二村34号院,23.4,77.81
144,快车,12-31 10:10 周二,北京市,观音寺-北门,兴业大街|北京石油化工学院-北1门,3.8,14.12
145,快车,01-01 18:02 周三,北京市,兴华大街|枣园地铁站C东南口附近-上车点,大兴区|康泰园,2.9,13
146,快车,01-07 10:29 周二,北京市,观音寺-北门,兴华大街|北京印刷学院-北门,3.3,13.42
147,快车,01-08 11:48 周三,北京市,观音寺-北门,大兴区|康泰园,6.2,18.98
148,快车,01-11 13:15 周六,北京市,观音寺-北门,大兴区|康泰园,6.3,21.21
149,快车,01-12 10:45 周日,北京市,观音寺-北门,荟聚·西红门购物中心-东北门,7.8,24.54
150,快车,01-12 12:05 周日,北京市,地铁西红门站-公交站路西,比格比萨(西红门新都荟店),1.9,13
151,快车,01-13 20:12 周一,北京市,康庄路|康泰园-南门,大兴区黄村西大街26号首都医科大学大兴医院|首都医科大学大兴医…,4.6,16.64
152,快车,01-14 16:14 周二,北京市,康庄路|康泰园-南门,黄村|首都医科大学大兴医院-北1门,4.5,15.6
153,快车,01-16 13:51 周四,北京市,观音寺-北门,黄村火车站地铁站A西北口,2.8,13
154,快车,01-19 15:05 周日,北京市,观音寺-北门,大兴区兴业大街与枣园路交叉口西 150米丽园-B区|丽园B区-北…,4.6,17.24
155,快车,01-20 21:47 周一,北京市,鑫手勺东北菜(康庄路店)西南侧,观音寺小区25号楼,6.3,23.38
156,快车,01-22 14:35 周三,北京市,观音寺-北门,大兴区|康泰园,6.1,23.84
157,快车,01-22 15:04 周三,北京市,鑫手勺东北菜(康庄路店),黄村西大街-地铁站,4.5,20.1
158,快车,01-22 15:35 周三,北京市,黄村|首都医科大学大兴医院-北门,大兴区|康泰园,5.6,23.14
159,快车,01-22 17:11 周三,北京市,鑫手勺东北菜(康庄路店),观音寺小区25号楼,6.36,26.56
160,快车,01-24 12:15 周五,北京市,观音寺-北门,大兴区|康泰园,6.2,30.03
161,快车,01-25 13:52 周六,北京市,鑫手勺东北菜(康庄路店)西南侧,大兴区|天堂河小区北区,13.9,45.98
162,快车,01-27 12:27 周一,北京市,观音寺-北门,大兴区|康泰园,6.2,33.03
163,滴滴快车,04-01 11:52 周四,北京市,鲁谷|北京石景山万达广场-西门,石景山区|北方工业大学-南门,4.6,15.32
164,滴滴专车,04-01 12:13 周四,北京市,八角东街|北方工业大学-南门,荟聚购物中心(西红门店)北侧-下车点,26.6,81.82
165,滴滴快车,04-01 14:33 周四,北京市,地铁西红门站-公交站(欣宁街)路西,观音寺北里小区-东门,7.7,20.58
166,滴滴快车,04-01 18:35 周四,北京市,观音寺-北门,兴华大街|北京石油化工学院-南门,3.8,15.32
167,滴滴快车,04-01 21:43 周四,北京市,兴华大街|北京石油化工学院-南门,观音寺小区25号楼,3.7,15.58
168,滴滴快车,04-04 11:48 周日,北京市,观音寺-北门,兴华大街|枣园尚城南区-北门,4.5,15.3
169,滴滴快车,04-06 22:04 周二,北京市,兴华大街|枣园-C口(东南口),观音寺小区25号楼,6.7,24.93
170,滴滴快车,04-07 09:28 周三,北京市,观音寺-北门,兴华大街|北京石油化工学院-南门,3.8,15.32
171,滴滴快车,04-07 21:35 周三,北京市,兴华大街|北京石油化工学院-南门,观音寺小区25号楼,4,16.25
172,滴滴快车,04-08 23:04 周四,北京市,兴华大街|枣园小区-南门南侧,观音寺北里小区-东门,3.7,15.58
173,滴滴快车,04-10 13:25 周六,北京市,兴华大街|北京石油化工学院-南门,荟聚购物中心(西红门店)北侧-下车点,5.2,15.18
174,滴滴快车,04-13 21:02 周二,北京市,兴华大街|彩虹新城-西门对面,观音寺小区25号楼,3.5,15.13
175,滴滴快车,04-14 09:31 周三,北京市,观音寺-北门,兴华大街|北京石油化工学院-南门,3.5,14.83
176,滴滴快车,04-21 20:19 周三,北京市,兴华大街|兴创大厦-北门,兴华大街|枣园尚城南区-北门,1.3,14
177,滴滴快车,04-28 07:01 周三,北京市,观音寺-北门,兴华大街|枣园尚城南区-北门,4.4,17.91
178,滴滴快车,04-28 19:55 周三,北京市,兴业大街|北京石油化工学院-北门,观音寺小区25号楼,4.2,15.98
179,滴滴快车,04-29 22:12 周四,北京市,宣武门地铁站E口,崇文门|北京汇,3.86,12.27
180,滴滴快车,05-02 15:57 周日,北京市,观音寺-北门,兴华大街|枣园尚城南区-北门,4.5,15.3
181,滴滴快车,05-02 21:07 周日,北京市,兴华大街|枣园尚城南区-东门,观音寺小区25号楼,4.2,16.66
182,滴滴快车,05-04 16:19 周二,北京市,新源大街|奈雪的茶(北京凯德天宫院店),观音寺小区25号楼,8.9,25.03
183,滴滴快车,05-08 22:59 周六,北京市,兴华大街|北京印刷学院-东门,观音寺小区25号楼,3.2,14.45
184,滴滴快车,05-10 16:02 周一,北京市,兴华大街|北京石油化工学院-南门,观音寺小区25号楼,4,14.4
185,滴滴快车,05-12 19:15 周三,北京市,观音寺-北门,兴华大街|北京石油化工学院-南门,2.9,14
186,滴滴快车,05-16 12:01 周日,北京市,观音寺-北门,兴华大街|枣园尚城南区-北门,4.3,15.29
187,滴滴快车,05-19 21:31 周三,北京市,兴华大街|北京石油化工学院-北3门对面,观音寺小区25号楼,4.8,18.05
188,滴滴快车,05-22 13:11 周六,北京市,观音寺-北门,兴华大街|北京石油化工学院-南门,3.9,14.58
189,滴滴专车,05-22 16:01 周六,北京市,建国门地铁站B口,朝阳区|幸福二村小区34号院,4.4,25.79
190,滴滴专车,05-24 16:04 周一,北京市,兴华大街|北京石油化工学院-南门,海子角东口-公交站,5.4,25.76
191,滴滴快车,05-24 18:16 周一,北京市,海子角东口-公交站-上车点,兴华大街|北京石油化工学院-南门,7.08,22.19
192,滴滴快车,05-28 12:44 周五,北京市,观音寺-北门,兴华大街|北京石油化工学院-南门,3.7,12.87
193,滴滴快车,05-31 22:04 周一,北京市,兴华大街|北京石油化工学院-南门,观音寺小区25号楼,3.96,14.5
194,滴滴快车,06-02 22:07 周三,北京市,兴华大街|北京石油化工学院-北3门,观音寺小区25号楼,4.09,14.16
195,滴滴快车,06-04 17:57 周五,北京市,兴华大街|北京石油化工学院-南门,观音寺小区25号楼,3.97,17.64
196,滴滴快车,06-07 06:46 周一,北京市,观音寺-北门,兴华大街|北京石油化工学院-北3门,4.84,15.95
197,滴滴快车,06-09 21:01 周三,北京市,兴华大街|北京石油化工学院-北3门,观音寺小区25号楼,4.17,14.99
198,滴滴快车,06-13 12:16 周日,北京市,观音寺-北门,兴华大街|枣园尚城南区-北门,4.5,15.64
199,滴滴快车,06-14 14:39 周一,北京市,观音寺-北门,大兴区|天堂河小区东侧-下车点,8.6,26.06
200,滴滴快车,06-15 20:35 周二,北京市,兴华大街|枣园尚城南区-东门东南侧,观音寺小区25号楼,4.6,17.44
201,滴滴快车,06-16 08:08 周三,北京市,观音寺-北门,兴华大街|北京石油化工学院-北3门,3.9,16.29
202,滴滴快车,06-18 22:30 周五,北京市,兴华大街|世纪华联生活超市枣园店,观音寺小区25号楼,4.52,15.6
203,滴滴快车,06-19 14:10 周六,北京市,黄村|火神庙-北门,黄村西大街-地铁站,1.84,11.05
204,滴滴快车,06-19 19:18 周六,北京市,兴华大街|枣园地铁站A口,观音寺小区25号楼,4.5,14.54
205,滴滴快车,06-20 11:23 周日,北京市,观音寺-北门,兴华大街|枣园尚城南区-北门,4.4,15.74
206,滴滴快车,06-21 10:43 周一,北京市,蓟门桥|蓟门里南区-南2门,中国工商银行(北京北太平庄支行),4.3,17.29
207,滴滴快车,06-22 21:25 周二,北京市,外馆东街23号院-西门,地铁19号线一期;地铁4号线大兴线;地铁6号线平安里-地铁站|…,6.7,27.56
208,滴滴快车,06-22 22:32 周二,北京市,兴华大街|世纪华联生活超市枣园店,观音寺小区25号楼,4.46,15.25
209,滴滴快车,06-24 23:03 周四,北京市,兴华大街|北京石油化工学院-南门,观音寺小区25号楼,4,16.25
210,滴滴快车,06-25 18:25 周五,北京市,五道口|清华同方科技广场-东门,新街口地铁站A口,9.6,32.96
211,滴滴快车,06-25 19:51 周五,北京市,兴华大街|枣园地铁站A口附近-上车点,大兴区|首开康乃馨城-东门,1.8,14
212,滴滴快车,06-26 09:43 周六,北京市,观音寺-北门,兴华大街|枣园尚城南区-北门,4.7,21.23
213,滴滴快车,06-26 21:56 周六,北京市,兴华大街|枣园尚城南区-东门,观音寺小区25号楼,4.6,17.55
214,滴滴快车,06-27 14:24 周日,北京市,观音寺-北门,兴华大街|咖啡一色,4,14.76
215,滴滴快车,06-27 21:07 周日,北京市,兴华大街|枣园尚城南区-北门,观音寺小区25号楼,4.6,17.55
216,滴滴快车,06-28 09:26 周一,北京市,观音寺-北门,大兴区|首开康乃馨城30号院19号楼,5.6,19.89
217,滴滴快车,06-28 13:29 周一,北京市,首开康乃馨城30号院19号楼东侧-上车点,兴华大街|枣园尚城南区-北门,2.5,13
218,滴滴快车,06-28 20:21 周一,北京市,明光村西站-公交站路南,前门|无印良品酒店(北京坊店),10.6,37.94
219,滴滴快车,06-29 13:04 周二,北京市,黄村西大街地铁站A口,观音寺小区25号楼,2.4,15
220,滴滴快车,07-02 18:16 周五,北京市,观音寺-北门,地铁4号线大兴线|枣园-地铁站,4,20.68
221,滴滴快车,07-02 21:35 周五,北京市,兴华大街|世纪华联生活超市枣园店,观音寺小区25号楼,4.4,15.25
222,滴滴快车,07-04 12:20 周日,北京市,观音寺-北门,兴华大街|枣园尚城南区-北门,4.36,12.62
223,滴滴快车,07-06 17:23 周二,北京市,观音寺-北门,黄村火车站地铁站B口附近-下车点,2.32,9.77
224,滴滴快车,07-06 22:16 周二,北京市,外馆东街23号院-西门,新街口|平安里地铁站A口,6.55,16.44
225,滴滴快车,07-06 23:26 周二,北京市,兴华大街|世纪华联生活超市枣园店,观音寺小区25号楼,4.31,10.4
226,滴滴快车,07-07 17:30 周三,北京市,观音寺-北门,大兴区|山姆大叔(天健广场校区),5.38,20.97
227,滴滴快车,07-07 18:38 周三,北京市,枣园路|山姆大叔(天健广场校区),北京市大兴区清源街道枣园巷枣园尚城南区北门|枣园尚城南区-北门,1.2,12.57
228,滴滴快车,07-07 20:56 周三,北京市,兴华大街|枣园尚城南区-东门,观音寺小区25号楼,4.61,16.97
229,滴滴快车,07-08 16:03 周四,北京市,观音寺-北门,兴华大街|高米店北地铁站A口,6.76,18.09
230,滴滴快车,07-08 16:23 周四,北京市,兴华大街|高米店北地铁站A口附近-上车点,黄村|花筑·华兴酒店,4.55,16.1
231,滴滴快车,07-09 14:06 周五,北京市,黄村|花筑·北京华兴酒店-东门,观音寺小区25号楼,1.86,11.57
232,滴滴快车,07-11 13:23 周日,北京市,观音寺-北门,兴华大街|北京印刷学院-东门,3.4,15.8
233,滴滴快车,07-13 12:24 周二,北京市,观音寺-北门,黄村西大街-地铁站,1.7,13
234,滴滴快车,07-13 14:17 周二,北京市,外馆东街23号院-西门,朝阳区|幸福二村小区34号院,7.1,29.61
235,滴滴快车,07-13 16:06 周二,北京市,幸福二村巷|幸福二村34号院-东南门,东城区王府井大街88号in881F层王府井银泰in88|北京王…,5.2,26.59
236,滴滴快车,07-13 20:29 周二,北京市,外馆东街23号院-西门,观音寺小区25号楼,32.73,84.42
237,滴滴快车,07-14 10:16 周三,北京市,观音寺-北门,枣园-地铁站,3.9,14.26
238,滴滴快车,07-14 11:45 周三,北京市,兴华大街|枣园地铁站B口,安贞|外馆东街23号院,29.3,67.54
239,滴滴快车,07-14 13:06 周三,北京市,安贞|安华里社区-西1门,工体|光彩国际公寓,8.49,16.71
240,滴滴快车,07-14 15:05 周三,北京市,朝外大街|北京工人体育场-南2门,观音寺小区25号楼,32.61,78.67
241,滴滴快车,07-16 12:20 周五,北京市,观音寺-北门,黄村西大街-地铁站,1.62,10.92
242,滴滴快车,07-16 13:38 周五,北京市,朝阳公园|枣营地铁站A口,朝阳公园|SOLANA蓝色港湾-东五门,0,4
243,滴滴快车,07-17 13:08 周六,北京市,君颐百合精品酒店(南地铁站店),观音寺小区25号楼,8.5,27.1
244,滴滴快车,07-20 11:42 周二,北京市,观音寺-北门,兴华大街|万龙洲海鲜(大兴店),4.7,15.38
245,滴滴专车,07-20 14:06 周二,北京市,绿地中央广场·兴贸中心-西门,地铁4号线大兴线枣园-地铁站|枣园地铁站D口,1.9,20.29
246,滴滴快车,07-20 20:49 周二,北京市,兴华大街|彩虹新城-西门对面,观音寺小区25号楼,7.2,26.63
247,滴滴快车,07-21 12:46 周三,北京市,观音寺-北门,黄村西大街-地铁站,2.1,13
248,滴滴快车,07-22 20:31 周四,北京市,兴丰大街|绿地缤纷城北区(出入口),观音寺小区25号楼,7.89,27.6
249,滴滴快车,07-25 10:53 周日,北京市,观音寺-北门,枣园-地铁站,3.94,12.07
250,滴滴快车,07-28 12:48 周三,北京市,宣武门地铁站G口,枣园-地铁站,20,50.15
251,滴滴快车,07-28 14:31 周三,北京市,观音寺北里小区-西1门,海子角|北京市志诚公证处,1.2,13
252,滴滴快车,07-28 14:56 周三,北京市,黄马路|北京市志诚公证处,兴华大街|北京石油化工学院-南门,5.9,17.06
253,滴滴快车,07-28 17:31 周三,北京市,兴华大街|北京石油化工学院-南门,大兴区枣园巷2号|枣园尚城南区,2.2,14
254,滴滴快车,07-29 09:40 周四,北京市,观音寺-北门,兴华大街|北京石油化工学院-南门,3.7,15.15
255,滴滴快车,07-29 10:55 周四,北京市,兴华大街|北京石油化工学院-南门,观音寺小区25号楼,4.1,14.54
256,滴滴快车,07-29 12:33 周四,北京市,观音寺-北门,旧宫|明悦湾-南1门,12.6,32.94
257,滴滴快车,07-29 22:32 周四,北京市,西红门|鸿坤·理想城4期-南门,观音寺小区25号楼,8.5,32.88
258,滴滴快车,07-30 09:49 周五,北京市,观音寺-北门,海子角|北京市志诚公证处,1.1,14
259,滴滴快车,07-30 10:10 周五,北京市,黄马路|北京市志诚公证处,黄村|大兴大悦春风里,2.7,13
260,滴滴快车,07-30 20:44 周五,北京市,兴盛街189号院-东2门,观音寺小区25号楼,4.9,17.14
261,滴滴快车,07-31 17:10 周六,北京市,观音寺-北门,兴华大街|枣园尚城南区-北门,4.3,14.99
262,滴滴快车,08-02 11:46 周一,北京市,兴华大街|枣园尚城南区-南门,东大桥|北京侨福芳草地,32.2,78.48
263,滴滴快车,08-02 14:41 周一,北京市,北京侨福芳草地内-上车点,观音寺小区25号楼,30.4,75.23
264,滴滴快车,08-02 19:51 周一,北京市,观音寺|丽枫酒店-东1门,大兴区|兴盛街189号院-东2门,6.2,22.48
265,滴滴快车,08-07 10:33 周六,北京市,观音寺-北门,大兴区枣园东里38|翰皇hanor(康庄路店),4.5,15.3
266,滴滴快车,08-07 10:56 周六,北京市,兴华大街|首邑上城-北2门,北京荟聚中心(西红门店),4.2,14.84
267,滴滴快车,08-07 18:53 周六,北京市,兴华大街|咖啡一色东侧-上车点,观音寺小区25号楼,2.2,13
268,滴滴快车,08-09 16:18 周一,北京市,观音寺-北门,荟聚·西红门购物中心-东北门,10.7,29.78
269,滴滴快车,08-10 09:56 周二,北京市,观音寺-北门,大兴区兴盛街与枣园路交叉口南 150米兴盛街189号院|兴盛街1…,4.9,15.25
270,滴滴快车,08-12 15:22 周四,北京市,观音寺-北门,兴华大街|全季酒店(北京大兴绿地缤纷城店),8.3,25.92
271,滴滴快车,08-12 19:55 周四,北京市,兴华大街|全季酒店(北京大兴绿地缤纷城店)东北侧-上车点,大兴区|兴盛街189号院-东2门,3.11,14.47
272,滴滴快车,08-13 20:13 周五,北京市,黄村|火神庙-北门,观音寺小区25号楼,10.03,35.71
273,滴滴快车,08-15 10:37 周日,北京市,大兴区.南湖巷|观音寺-北门,兴华大街|枣园尚城南区-北门,4.61,13.48
274,滴滴快车,08-16 17:58 周一,北京市,观音寺-北门,兴华大街|万龙洲海鲜(大兴店),4.9,15.46
275,滴滴快车,08-17 18:19 周二,北京市,景华南街|汉威大厦-北2门对面,兴华大街|桔子酒店(北京黄村高米店北地铁站店),0,4
276,滴滴快车,08-18 07:23 周三,北京市,北京千禧大酒店-正门,北京市大兴区观音寺25号楼|观音寺小区25号楼,36.1,101.73
277,滴滴快车,08-18 15:05 周三,北京市,观音寺-北门,兴华大街|枣园尚城南区-北门,4.5,15.1
278,滴滴快车,08-18 15:45 周三,北京市,兴华大街|枣园尚城南区-东门,右安门|首都医科大学附属北京佑安医院-西1门,17.26,35.42
279,滴滴快车,08-18 18:56 周三,北京市,北京龙湖大兴天街-东南门,大兴区|兴盛街189号院-东2门,7.7,27.36
280,滴滴快车,08-18 20:09 周三,北京市,兴盛街189号院-东2门,兴业大街|红木林小区北区-南门,1.01,11.76
