,Unnamed: 0,Unnamed: 0.1,序号,车型,上车时间,城 市,起点,终点,里程 [公里],金额 [元],cmplt_start_address,cmplt_ending_address,cmplt_start_address_converted,cmplt_ending_address_converted
0,0,0,1,快车,03-28 23:14 周四,北京市,兴业大街|北京石油化工学院-北1门,观音寺小区25号楼,4.5,17.2,北京市兴业大街|北京石油化工学院-北1门,北京市观音寺小区25号楼,"116.324701,39.7499","116.3473,39.7278"
1,1,1,2,快车,03-31 15:21 周日,北京市,兴华大街|枣园东里-西区-南门,大兴区|康泰园,2.8,10.4,北京市兴华大街|枣园东里-西区-南门,北京市大兴区|康泰园,"116.333828,39.7503","116.341483,39.7269"
2,2,2,3,快车,03-31 19:48 周日,北京市,康庄路|康泰园-南门,兴业大街|北京石油化工学院-北1门,2.3,9.1,北京市康庄路|康泰园-南门,北京市兴业大街|北京石油化工学院-北1门,"116.325202,39.7572","116.324701,39.7499"
3,3,3,4,快车,04-02 10:34 周二,北京市,北京石油化工学院-南门,观音寺小区25号楼,3.9,11.44,北京市北京石油化工学院-南门,北京市观音寺小区25号楼,"116.325793,39.7462","116.3473,39.7278"
4,4,4,5,快车,04-03 07:13 周三,北京市,观音寺-北门,兴华大街|北京石油化工学院-南门,3.8,18.08,北京市观音寺-北门,北京市兴华大街|北京石油化工学院-南门,"116.347837,39.7286","116.325793,39.7462"
5,5,5,6,快车,04-04 11:21 周四,北京市,国家教育行政学院-北门,观音寺小区25号楼,4,13.08,北京市国家教育行政学院-北门,北京市观音寺小区25号楼,"116.325518,39.7460","116.3473,39.7278"
6,6,6,7,快车,04-06 00:00 周六,北京市,兴华大街|北京石油化工学院-北2门,大兴区|康泰园,2.1,13,北京市兴华大街|北京石油化工学院-北2门,北京市大兴区|康泰园,"116.332131,39.7562","116.341483,39.7269"
7,7,7,8,快车,04-06 16:20 周六,北京市,康庄路|阳光百益大药房(第十六分店),观音寺小区25号楼,6.2,20.12,北京市康庄路|阳光百益大药房(第十六分店),北京市观音寺小区25号楼,"116.325202,39.7572","116.3473,39.7278"
8,8,8,9,快车,04-07 14:57 周日,北京市,观音寺-北门,兴华大街|彤妍堂克丽缇娜(丽园店),3.4,13,北京市观音寺-北门,北京市兴华大街|彤妍堂克丽缇娜(丽园店),"116.347837,39.7286","116.332131,39.7562"
9,9,9,10,快车,04-08 09:35 周一,北京市,北京石油化工学院-南门,观音寺小区25号楼,4,12.24,北京市北京石油化工学院-南门,北京市观音寺小区25号楼,"116.325793,39.7462","116.3473,39.7278"
10,10,10,11,快车,04-08 21:39 周一,北京市,兴华大街|枣园东里西区-西门,观音寺小区25号楼,4.5,21.2,北京市兴华大街|枣园东里西区-西门,北京市观音寺小区25号楼,"116.332131,39.7562","116.3473,39.7278"
11,11,11,12,快车,04-09 07:34 周二,北京市,观音寺-北门,兴华大街|北京石油化工学院-南门,3.5,18.4,北京市观音寺-北门,北京市兴华大街|北京石油化工学院-南门,"116.347837,39.7286","116.325793,39.7462"
12,12,12,13,快车,04-09 18:09 周二,北京市,黄村|大兴一中-西门,黄村|海底捞火锅(星城商厦店),2.4,12.09,北京市黄村|大兴一中-西门,北京市黄村|海底捞火锅(星城商厦店),"116.33709,39.7285","116.33709,39.7285"
13,13,13,14,快车,04-09 22:06 周二,北京市,兴华大街|北京石油化工学院-北1门-上车点,观音寺小区25号楼,4.4,19.04,北京市兴华大街|北京石油化工学院-北1门-上车点,北京市观音寺小区25号楼,"116.332131,39.7562","116.3473,39.7278"
14,14,14,15,快车,04-10 07:28 周三,北京市,观音寺-北门,兴华大街|北京石油化工学院-南门,3.3,14.88,北京市观音寺-北门,北京市兴华大街|北京石油化工学院-南门,"116.347837,39.7286","116.325793,39.7462"
15,15,15,16,快车,04-11 16:40 周四,北京市,兴华大街|北京石油化工学院-北2门,观音寺小区25号楼,4.4,14.54,北京市兴华大街|北京石油化工学院-北2门,北京市观音寺小区25号楼,"116.332131,39.7562","116.3473,39.7278"
16,16,16,17,快车,04-14 19:28 周日,北京市,兴华大街|北京石油化工学院(北2门),大兴区|康泰园,2.4,11.96,北京市兴华大街|北京石油化工学院(北2门),北京市大兴区|康泰园,"116.332131,39.7562","116.341483,39.7269"
17,17,17,18,快车,04-16 12:49 周二,北京市,兴华大街|北京石油化工学院-北2门,兴丰大街|新里西斯莱公馆北区-北1门,2.9,11.05,北京市兴华大街|北京石油化工学院-北2门,北京市兴丰大街|新里西斯莱公馆北区-北1门,"116.332131,39.7562","116.339495,39.7279"
18,18,18,19,快车,04-21 15:02 周日,北京市,兴华大街|北京石油化工学院-北2门,观音寺小区25号楼,4.4,13.1,北京市兴华大街|北京石油化工学院-北2门,北京市观音寺小区25号楼,"116.332131,39.7562","116.3473,39.7278"
19,19,19,20,快车,04-24 19:32 周三,北京市,兴华大街|兴创大厦-东门北侧,兴业大街|北京石油化工学院-北1门,2.2,11.96,北京市兴华大街|兴创大厦-东门北侧,北京市兴业大街|北京石油化工学院-北1门,"116.332131,39.7562","116.324701,39.7499"
20,20,20,21,快车,04-25 13:14 周四,北京市,兴华大街|北京石油化工学院-北2门,观音寺小区25号楼,4.8,12.12,北京市兴华大街|北京石油化工学院-北2门,北京市观音寺小区25号楼,"116.332131,39.7562","116.3473,39.7278"
21,21,21,22,快车,04-29 15:53 周一,北京市,观音寺-北门,兴业大街|北京石油化工学院-北1门,3.7,13,北京市观音寺-北门,北京市兴业大街|北京石油化工学院-北1门,"116.347837,39.7286","116.324701,39.7499"
22,22,22,23,快车,04-30 16:11 周二,北京市,兴华大街|北京石油化工学院-北2门,帝园商城(黄村东大街),3,13,北京市兴华大街|北京石油化工学院-北2门,北京市帝园商城(黄村东大街),"116.332131,39.7562","116.34055,39.7322"
23,23,23,24,快车,05-01 18:56 周三,北京市,兴业大街|枣园小区-西北门,大兴区|康泰园(南门),1.7,13,北京市兴业大街|枣园小区-西北门,北京市大兴区|康泰园(南门),"116.322511,39.7764","116.341483,39.7269"
24,24,24,25,快车,05-07 17:05 周二,北京市,兴华大街|枣园小区-南门,观音寺小区25号楼,4.3,14.42,北京市兴华大街|枣园小区-南门,北京市观音寺小区25号楼,"116.332131,39.7562","116.3473,39.7278"
25,25,25,26,快车,05-08 07:29 周三,北京市,观音寺-北门,兴华大街|北京石油化工学院-南门,3.7,17.12,北京市观音寺-北门,北京市兴华大街|北京石油化工学院-南门,"116.347837,39.7286","116.325793,39.7462"
26,26,26,27,快车,05-09 11:26 周四,北京市,兴华大街|北京石油化工学院-南门,观音寺小区25号楼,4,13,北京市兴华大街|北京石油化工学院-南门,北京市观音寺小区25号楼,"116.325793,39.7462","116.3473,39.7278"
27,27,27,28,快车,05-10 21:40 周五,北京市,兴华大街|北京石油化工学院-北2门,观音寺小区25号楼,4.4,18.04,北京市兴华大街|北京石油化工学院-北2门,北京市观音寺小区25号楼,"116.332131,39.7562","116.3473,39.7278"
28,28,28,29,快车,05-13 07:34 周一,北京市,观音寺-北门,兴华大街|北京石油化工学院-南门,4,18.4,北京市观音寺-北门,北京市兴华大街|北京石油化工学院-南门,"116.347837,39.7286","116.325793,39.7462"
29,29,29,30,快车,05-15 14:27 周三,北京市,兴华大街|北京石油化工学院-北2门,观音寺小区25号楼,4.3,13.38,北京市兴华大街|北京石油化工学院-北2门,北京市观音寺小区25号楼,"116.332131,39.7562","116.3473,39.7278"
30,30,30,31,快车,05-16 09:55 周四,北京市,兴华大街|北京石油化工学院-北2门,大兴区|康泰园,2.1,12.48,北京市兴华大街|北京石油化工学院-北2门,北京市大兴区|康泰园,"116.332131,39.7562","116.341483,39.7269"
31,31,31,32,快车,05-16 15:25 周四,北京市,康庄路|康泰园-南门,兴业大街|北京石油化工学院-北1门,2.2,12.48,北京市康庄路|康泰园-南门,北京市兴业大街|北京石油化工学院-北1门,"116.325202,39.7572","116.324701,39.7499"
32,32,32,33,快车,05-18 16:02 周六,北京市,兴华大街|北京石油化工学院-北2门,观音寺小区25号楼,4.4,14.82,北京市兴华大街|北京石油化工学院-北2门,北京市观音寺小区25号楼,"116.332131,39.7562","116.3473,39.7278"
33,33,33,34,快车,05-23 22:19 周四,北京市,兴业大街|中国工商银行(丽园路支行),观音寺小区25号楼,4.7,16.81,北京市兴业大街|中国工商银行(丽园路支行),北京市观音寺小区25号楼,"116.324651,39.7502","116.3473,39.7278"
34,34,34,35,快车,05-27 22:46 周一,北京市,兴华大街|北京石油化工学院-北2门,观音寺小区25号楼,4.4,17.04,北京市兴华大街|北京石油化工学院-北2门,北京市观音寺小区25号楼,"116.332131,39.7562","116.3473,39.7278"
35,35,35,36,快车,05-28 07:33 周二,北京市,观音寺-北门,兴华大街|北京石油化工学院-南门,3.9,19.84,北京市观音寺-北门,北京市兴华大街|北京石油化工学院-南门,"116.347837,39.7286","116.325793,39.7462"
36,36,36,37,快车,06-01 22:58 周六,北京市,兴业大街|中国工商银行(丽园路支行),观音寺小区25号楼,4.6,21.14,北京市兴业大街|中国工商银行(丽园路支行),北京市观音寺小区25号楼,"116.324651,39.7502","116.3473,39.7278"
37,37,37,38,快车,06-02 16:59 周日,北京市,观音寺-北门,大兴区|康泰园,6.1,20.94,北京市观音寺-北门,北京市大兴区|康泰园,"116.347837,39.7286","116.341483,39.7269"
38,38,38,39,快车,06-04 17:30 周二,北京市,兴华大街|北京石油化工学院-北2门,观音寺小区25号楼,4.3,17.28,北京市兴华大街|北京石油化工学院-北2门,北京市观音寺小区25号楼,"116.332131,39.7562","116.3473,39.7278"
39,39,39,40,快车,06-08 10:22 周六,北京市,观音寺-北门,大兴区|康泰园,6.2,18.73,北京市观音寺-北门,北京市大兴区|康泰园,"116.347837,39.7286","116.341483,39.7269"
40,40,40,41,快车,06-08 16:56 周六,北京市,兴华大街|波普公社小区,黄村|大兴一中-北门,3.2,11.44,北京市兴华大街|波普公社小区,北京市黄村|大兴一中-北门,"116.332131,39.7562","116.33709,39.7285"
41,41,41,42,快车,06-08 21:07 周六,北京市,"兴业大街|中国工商银行(丽园路支行
)对面",黄村西大街-地铁站,2.8,13,"北京市兴业大街|中国工商银行(丽园路支行
)对面",北京市黄村西大街-地铁站,"116.322511,39.7764","116.332631,39.7317"
42,42,42,43,快车,06-09 15:45 周日,北京市,观音寺-北门,大兴区|康泰园,6.5,20.98,北京市观音寺-北门,北京市大兴区|康泰园,"116.347837,39.7286","116.341483,39.7269"
43,43,43,44,快车,06-09 16:09 周日,北京市,康庄路|康泰园-南门,大兴区康庄路53号|康泰园(南门),12.6,38.86,北京市康庄路|康泰园-南门,北京市大兴区康庄路53号|康泰园(南门),"116.325202,39.7572","116.310022,39.7574"
44,44,44,45,快车,06-10 07:35 周一,北京市,黄村|康泰园,兴业大街|北京石油化工学院-北1门,2.2,13,北京市黄村|康泰园,北京市兴业大街|北京石油化工学院-北1门,"116.33709,39.7285","116.324701,39.7499"
45,45,45,46,快车,06-13 20:57 周四,北京市,兴华大街|北京石油化工学院-北2门,大兴区|康泰园,0.9,13,北京市兴华大街|北京石油化工学院-北2门,北京市大兴区|康泰园,"116.332131,39.7562","116.341483,39.7269"
46,46,46,47,快车,06-14 12:42 周五,北京市,康庄路|康泰园-南门,兴业大街|北京石油化工学院-北1门,2.3,12.87,北京市康庄路|康泰园-南门,北京市兴业大街|北京石油化工学院-北1门,"116.325202,39.7572","116.324701,39.7499"
47,47,47,48,快车,06-14 22:18 周五,北京市,"兴业大街|中国工商银行(丽园路支行
)对面",观音寺小区25号楼,4.6,16.15,"北京市兴业大街|中国工商银行(丽园路支行
)对面",北京市观音寺小区25号楼,"116.322511,39.7764","116.3473,39.7278"
48,48,48,49,快车,06-15 15:43 周六,北京市,兴华大街|北京石油化工学院-南门,大兴区|康泰园,2.4,12.87,北京市兴华大街|北京石油化工学院-南门,北京市大兴区|康泰园,"116.325793,39.7462","116.341483,39.7269"
49,49,49,50,快车,06-16 18:04 周日,北京市,观音寺-北门,兴业大街|北京石油化工学院-北1门,4,14.05,北京市观音寺-北门,北京市兴业大街|北京石油化工学院-北1门,"116.347837,39.7286","116.324701,39.7499"
50,50,50,51,快车,06-16 19:42 周日,北京市,兴华大街|彩虹新城商铺,大兴区|康泰园,3.6,11.44,北京市兴华大街|彩虹新城商铺,北京市大兴区|康泰园,"116.332131,39.7562","116.341483,39.7269"
51,51,51,52,快车,06-16 23:41 周日,北京市,兴华园-公交站路西,观音寺小区25号楼,3.9,14.29,北京市兴华园-公交站路西,北京市观音寺小区25号楼,"116.321293,39.743","116.3473,39.7278"
52,52,52,53,快车,06-22 16:26 周六,北京市,兴华大街|北京石油化工学院-北2门,大兴区|康泰园,2.4,13,北京市兴华大街|北京石油化工学院-北2门,北京市大兴区|康泰园,"116.332131,39.7562","116.341483,39.7269"
53,53,53,54,快车,06-23 21:21 周日,北京市,观音寺-北门,大兴区|康泰园,6.2,26.92,北京市观音寺-北门,北京市大兴区|康泰园,"116.347837,39.7286","116.341483,39.7269"
54,54,54,55,快车,06-24 17:30 周一,北京市,鑫手勺东北菜(康庄路店),兴业大街|北京石油化工学院-北1门,5.4,23.04,北京市鑫手勺东北菜(康庄路店),北京市兴业大街|北京石油化工学院-北1门,"116.414092,40.0883","116.324701,39.7499"
55,55,55,56,快车,06-25 15:11 周二,北京市,兴华大街|北京石油化工学院-北2门,大兴区|康泰园,2.2,13,北京市兴华大街|北京石油化工学院-北2门,北京市大兴区|康泰园,"116.332131,39.7562","116.341483,39.7269"
56,56,56,57,快车,06-25 21:00 周二,北京市,兴华大街|枣园地铁站D西南口,大兴区|康泰园,2.5,13,北京市兴华大街|枣园地铁站D西南口,北京市大兴区|康泰园,"116.332131,39.7562","116.341483,39.7269"
57,57,57,58,快车,06-25 22:01 周二,北京市,"兴业大街|中国工商银行(丽园路支行
)对面",大兴区|康泰园,2.6,13,"北京市兴业大街|中国工商银行(丽园路支行
)对面",北京市大兴区|康泰园,"116.322511,39.7764","116.341483,39.7269"
58,58,58,59,快车,06-26 10:57 周三,北京市,鑫手勺东北菜(康庄路店),兴业大街|北京石油化工学院-北1门,2.3,13,北京市鑫手勺东北菜(康庄路店),北京市兴业大街|北京石油化工学院-北1门,"116.414092,40.0883","116.324701,39.7499"
59,59,59,60,快车,06-26 16:12 周三,北京市,兴华大街|北京石油化工学院-北2门,观音寺小区25号楼,4.4,14.04,北京市兴华大街|北京石油化工学院-北2门,北京市观音寺小区25号楼,"116.332131,39.7562","116.3473,39.7278"
60,60,60,61,快车,07-14 18:17 周日,北京市,观音寺-北门,大兴区|康泰园,6.2,18.39,北京市观音寺-北门,北京市大兴区|康泰园,"116.347837,39.7286","116.341483,39.7269"
61,61,61,62,快车,07-15 12:06 周一,北京市,康庄路|康泰园-南门,观音寺小区25号楼,6.3,19.62,北京市康庄路|康泰园-南门,北京市观音寺小区25号楼,"116.325202,39.7572","116.3473,39.7278"
62,62,62,63,快车,07-15 14:49 周一,北京市,观音寺-北门,枣园-地铁站,6.3,24.12,北京市观音寺-北门,北京市枣园-地铁站,"116.347837,39.7286","116.332204,39.7534"
63,63,63,64,快车,07-24 13:14 周三,北京市,当前位置,枣园-地铁站,4.1,15.04,观音寺小区25号楼,北京市枣园-地铁站,"116.3473,39.7278","116.332204,39.7534"
64,64,64,65,快车,07-24 18:56 周三,北京市,当前位置,兴华大街|咖啡一色(石化学院丽园小区东南),3.5,16.43,观音寺小区25号楼,北京市兴华大街|咖啡一色(石化学院丽园小区东南),"116.3473,39.7278","116.332131,39.7562"
65,65,65,66,快车,07-25 17:00 周四,北京市,当前位置,大兴区|康泰园,6.2,24.88,观音寺小区25号楼,北京市大兴区|康泰园,"116.3473,39.7278","116.341483,39.7269"
66,66,66,67,快车,07-26 08:12 周五,北京市,当前位置,滨河|大兴二中站自行车租赁点,2.6,14,观音寺小区25号楼,北京市滨河|大兴二中站自行车租赁点,"116.3473,39.7278","116.340449,39.75"
67,67,67,68,快车,07-27 15:52 周六,北京市,当前位置,大兴区|东方乐巢KTV,2.4,13,观音寺小区25号楼,北京市大兴区|东方乐巢KTV,"116.3473,39.7278","116.341483,39.7269"
68,68,68,69,快车,07-27 18:02 周六,北京市,当前位置,观音寺小区25号楼,2.3,11.44,观音寺小区25号楼,北京市观音寺小区25号楼,"116.3473,39.7278","116.3473,39.7278"
69,69,69,70,快车,07-30 10:47 周二,北京市,当前位置,清源|核工业管理干部学院,2,13,观音寺小区25号楼,北京市清源|核工业管理干部学院,"116.3473,39.7278","116.341665,39.7448"
70,70,70,71,快车,07-30 15:32 周二,北京市,当前位置,兴华大街|咖啡一色(石化学院丽园小区东南),2.2,10.4,观音寺小区25号楼,北京市兴华大街|咖啡一色(石化学院丽园小区东南),"116.3473,39.7278","116.332131,39.7562"
71,71,71,72,快车,08-01 09:58 周四,北京市,当前位置,大兴区|康泰园,6.2,22.48,观音寺小区25号楼,北京市大兴区|康泰园,"116.3473,39.7278","116.341483,39.7269"
72,72,72,73,快车,08-03 12:24 周六,北京市,当前位置,黄村西大街-地铁站,1.7,13,观音寺小区25号楼,北京市黄村西大街-地铁站,"116.3473,39.7278","116.332631,39.7317"
73,73,73,74,快车,08-04 12:34 周日,北京市,当前位置,大兴区|恒源农家院(二店),4.2,15.11,观音寺小区25号楼,北京市大兴区|恒源农家院(二店),"116.3473,39.7278","116.341483,39.7269"
74,74,74,75,快车,08-04 16:29 周日,北京市,当前位置,兴华大街|北京印刷学院,3,13,观音寺小区25号楼,北京市兴华大街|北京印刷学院,"116.3473,39.7278","116.331997,39.7446"
75,75,75,76,快车,08-04 17:19 周日,北京市,当前位置,大兴区|康泰园,3.2,13.31,观音寺小区25号楼,北京市大兴区|康泰园,"116.3473,39.7278","116.341483,39.7269"
76,76,76,77,快车,08-05 20:14 周一,北京市,当前位置,观音寺小区25号楼,8.1,27.21,观音寺小区25号楼,北京市观音寺小区25号楼,"116.3473,39.7278","116.3473,39.7278"
77,77,77,78,快车,08-06 19:40 周二,北京市,当前位置,兴华大街|布尔专业宠物养护中心,3.6,14.99,观音寺小区25号楼,北京市兴华大街|布尔专业宠物养护中心,"116.3473,39.7278","116.332131,39.7562"
78,78,78,79,快车,08-06 21:44 周二,北京市,当前位置,观音寺小区25号楼,4.2,18,观音寺小区25号楼,北京市观音寺小区25号楼,"116.3473,39.7278","116.3473,39.7278"
79,79,79,80,快车,08-07 11:38 周三,北京市,当前位置,兴华大街|北京石油化工学院-北2门,4.7,15.88,观音寺小区25号楼,北京市兴华大街|北京石油化工学院-北2门,"116.3473,39.7278","116.332131,39.7562"
80,80,80,81,快车,08-07 12:11 周三,北京市,当前位置,黄村|川府老妈菜馆,3.8,12.99,观音寺小区25号楼,北京市黄村|川府老妈菜馆,"116.3473,39.7278","116.33709,39.7285"
81,81,81,82,快车,08-07 22:39 周三,北京市,当前位置,崇文门-地铁站,0.1,14.08,观音寺小区25号楼,北京市崇文门-地铁站,"116.3473,39.7278","116.417093,39.9010"
82,82,82,83,快车,08-09 16:17 周五,北京市,当前位置,兴华大街|北京小学大兴分校,3,13,观音寺小区25号楼,北京市兴华大街|北京小学大兴分校,"116.3473,39.7278","116.325524,39.7392"
83,83,83,84,快车,08-09 16:54 周五,北京市,当前位置,大兴区|天键广场,2.6,13,观音寺小区25号楼,北京市大兴区|天键广场,"116.3473,39.7278","116.341483,39.7269"
84,84,84,85,快车,08-09 19:11 周五,北京市,枣园路|大兴区第十幼儿园-南门,兴华大街|北京市大兴区枣园小学-北门,0.9,14,北京市枣园路|大兴区第十幼儿园-南门,北京市兴华大街|北京市大兴区枣园小学-北门,"116.324126,39.7529","116.332131,39.7562"
85,85,85,86,快车,08-15 12:15 周四,北京市,观音寺-北门,枣园-地铁站,4.3,14.82,北京市观音寺-北门,北京市枣园-地铁站,"116.347837,39.7286","116.332204,39.7534"
86,86,86,87,快车,08-16 15:23 周五,北京市,观音寺-北门,大兴区|康泰园,6.2,21.98,北京市观音寺-北门,北京市大兴区|康泰园,"116.347837,39.7286","116.341483,39.7269"
87,87,87,88,快车,08-17 20:53 周六,北京市,途美酒店(北京黄村西大街店)对面,兴业大街|北京石油化工学院-北1门,4.4,15.97,北京市途美酒店(北京黄村西大街店)对面,北京市兴业大街|北京石油化工学院-北1门,"116.329593,39.7316","116.324701,39.7499"
88,88,88,89,快车,08-17 21:26 周六,北京市,兴业大街|中国工商银行(丽园路支行),观音寺小区25号楼,4.7,18.42,北京市兴业大街|中国工商银行(丽园路支行),北京市观音寺小区25号楼,"116.324651,39.7502","116.3473,39.7278"
89,89,89,90,快车,08-18 15:08 周日,北京市,观音寺-北门,枣园-地铁站,4,14.53,北京市观音寺-北门,北京市枣园-地铁站,"116.347837,39.7286","116.332204,39.7534"
90,90,90,91,快车,08-19 16:43 周一,北京市,观音寺-北门,兴业大街|北京石油化工学院-北1门,4.7,15.38,北京市观音寺-北门,北京市兴业大街|北京石油化工学院-北1门,"116.347837,39.7286","116.324701,39.7499"
91,91,91,92,快车,08-21 10:18 周三,北京市,观音寺-北门,枣园-地铁站,4.3,14.82,北京市观音寺-北门,北京市枣园-地铁站,"116.347837,39.7286","116.332204,39.7534"
92,92,92,93,快车,08-23 10:09 周五,北京市,观音寺-北门,大兴区|康泰园,6.2,21.48,北京市观音寺-北门,北京市大兴区|康泰园,"116.347837,39.7286","116.341483,39.7269"
93,93,93,94,快车,08-25 14:18 周日,北京市,观音寺-北门,大兴区|康泰园,6.1,20.86,北京市观音寺-北门,北京市大兴区|康泰园,"116.347837,39.7286","116.341483,39.7269"
94,94,94,95,快车,08-27 21:25 周二,北京市,康庄路|住总・兴康家园-北门对面,兴业大街|北京石油化工学院-北1门,1.9,14,北京市康庄路|住总・兴康家园-北门对面,北京市兴业大街|北京石油化工学院-北1门,"116.325202,39.7572","116.324701,39.7499"
95,95,95,96,快车,08-28 13:21 周三,北京市,康庄路|康泰园-南门,枣园-地铁站,2.3,13,北京市康庄路|康泰园-南门,北京市枣园-地铁站,"116.325202,39.7572","116.332204,39.7534"
96,96,96,97,快车,08-28 22:10 周三,北京市,兴业大街|中国工商银行(丽园路支行),观音寺小区25号楼,4.6,17.6,北京市兴业大街|中国工商银行(丽园路支行),北京市观音寺小区25号楼,"116.324651,39.7502","116.3473,39.7278"
97,97,97,98,快车,08-29 22:10 周四,北京市,兴业大街|中国工商银行(丽园路支行),观音寺小区25号楼,4.7,19.78,北京市兴业大街|中国工商银行(丽园路支行),北京市观音寺小区25号楼,"116.324651,39.7502","116.3473,39.7278"
98,98,98,99,快车,08-30 17:40 周五,北京市,观音寺-北门,兴业大街|北京石油化工学院-北1门,4.7,21.28,北京市观音寺-北门,北京市兴业大街|北京石油化工学院-北1门,"116.347837,39.7286","116.324701,39.7499"
99,99,99,100,快车,08-31 13:37 周六,北京市,阿泰包子(枣园路),观音寺小区25号楼,5.7,16.34,北京市阿泰包子(枣园路),北京市观音寺小区25号楼,"116.347837,39.7286","116.3473,39.7278"
100,100,100,101,快车,09-06 20:20 周五,北京市,兴华大街|枣园小区-南门对面,观音寺小区25号楼,4.3,16.95,北京市兴华大街|枣园小区-南门对面,北京市观音寺小区25号楼,"116.332131,39.7562","116.3473,39.7278"
101,101,101,102,快车,09-07 12:33 周六,北京市,兴华大街|吉野家(枣园路店),观音寺小区25号楼,6.3,29.21,北京市兴华大街|吉野家(枣园路店),北京市观音寺小区25号楼,"116.332131,39.7562","116.3473,39.7278"
102,102,102,103,快车,09-09 13:14 周一,北京市,观音寺北里小区,兴华大街|绿地中央广场(高米店),4.8,15.52,北京市观音寺北里小区,北京市兴华大街|绿地中央广场(高米店),"116.34875,39.7308","116.332131,39.7562"
103,103,103,104,快车,09-12 16:25 周四,北京市,兴华大街|北京石油化工学院-北2门,观音寺小区25号楼,4.1,16.04,北京市兴华大街|北京石油化工学院-北2门,北京市观音寺小区25号楼,"116.332131,39.7562","116.3473,39.7278"
104,104,104,105,快车,09-12 17:42 周四,北京市,观音寺-北门,黄村西大街-地铁站,1.6,14,北京市观音寺-北门,北京市黄村西大街-地铁站,"116.347837,39.7286","116.332631,39.7317"
105,105,105,106,快车,09-13 09:46 周五,北京市,兴华大街|北京石油化工学院-南门,观音寺小区25号楼,4.1,15.28,北京市兴华大街|北京石油化工学院-南门,北京市观音寺小区25号楼,"116.325793,39.7462","116.3473,39.7278"
106,106,106,107,快车,09-24 09:18 周二,北京市,观音寺-北门,兴业大街|北京石油化工学院-北1门,4.9,17.14,北京市观音寺-北门,北京市兴业大街|北京石油化工学院-北1门,"116.347837,39.7286","116.324701,39.7499"
107,107,107,108,快车,09-27 09:21 周五,北京市,观音寺-北门,兴业大街|北京石油化工学院-北1门,4.2,17.58,北京市观音寺-北门,北京市兴业大街|北京石油化工学院-北1门,"116.347837,39.7286","116.324701,39.7499"
108,108,108,109,快车,09-28 17:43 周六,北京市,兴华大街|北京石油化工学院-南门,观音寺小区25号楼,4.1,15.28,北京市兴华大街|北京石油化工学院-南门,北京市观音寺小区25号楼,"116.325793,39.7462","116.3473,39.7278"
109,109,109,110,快车,10-02 19:09 周三,北京市,兴丰大街|肯德基(绿地缤纷城北区)东南侧,大兴区黄村镇一中心观音寺小学,4.7,15.6,北京市兴丰大街|肯德基(绿地缤纷城北区)东南侧,北京市大兴区黄村镇一中心观音寺小学,"116.339495,39.7279","116.349812,39.7297"
110,110,110,111,快车,10-02 20:55 周三,北京市,观音寺-北门,兴业大街|北京石油化工学院-北1门,4.6,16.55,北京市观音寺-北门,北京市兴业大街|北京石油化工学院-北1门,"116.347837,39.7286","116.324701,39.7499"
111,111,111,112,快车,10-02 21:33 周三,北京市,兴业大街|中国工商银行(丽园路支行),观音寺小区25号楼,4.3,16.89,北京市兴业大街|中国工商银行(丽园路支行),北京市观音寺小区25号楼,"116.324651,39.7502","116.3473,39.7278"
112,112,112,113,快车,10-03 13:44 周四,北京市,兴盛街189号院-东2门,枣园-地铁站,1.3,13,北京市兴盛街189号院-东2门,北京市枣园-地铁站,"116.317729,39.7522","116.332204,39.7534"
113,113,113,114,快车,10-03 17:11 周四,北京市,"黄村|北京市大兴区疾病预防控制中心
-南门",大兴区黄村镇一中心观音寺小学,1.6,13,"北京市黄村|北京市大兴区疾病预防控制中心
-南门",北京市大兴区黄村镇一中心观音寺小学,"116.346341,39.7269","116.349812,39.7297"
114,114,114,115,快车,10-04 21:54 周五,北京市,"兴业大街|中国工商银行(丽园路支行
)对面",观音寺小区25号楼,4.6,17.55,"北京市兴业大街|中国工商银行(丽园路支行
)对面",北京市观音寺小区25号楼,"116.322511,39.7764","116.3473,39.7278"
115,115,115,116,快车,10-07 11:11 周一,北京市,观音寺-北门,荟聚・西红门购物中心地下停车场-出入口,7.8,22.14,北京市观音寺-北门,北京市荟聚・西红门购物中心地下停车场-出入口,"116.347837,39.7286","116.325754,39.7899"
116,116,116,117,快车,10-07 21:42 周一,北京市,兴华园-公交站路西,观音寺小区25号楼,3.7,15.55,北京市兴华园-公交站路西,北京市观音寺小区25号楼,"116.329666,39.7633","116.3473,39.7278"
117,117,117,118,快车,10-08 10:17 周二,北京市,观音寺-北门,兴业大街|北京石油化工学院-北1门,4.3,15.32,北京市观音寺-北门,北京市兴业大街|北京石油化工学院-北1门,"116.347837,39.7286","116.324701,39.7499"
118,118,118,119,快车,10-08 21:47 周二,北京市,兴华大街|北京石油化工学院-北2门,观音寺小区25号楼,4.2,17.35,北京市兴华大街|北京石油化工学院-北2门,北京市观音寺小区25号楼,"116.332131,39.7562","116.3473,39.7278"
119,119,119,120,快车,10-09 13:13 周三,北京市,观音寺-北门,兴业大街|北京石油化工学院-北1门,4.2,14.68,北京市观音寺-北门,北京市兴业大街|北京石油化工学院-北1门,"116.347837,39.7286","116.324701,39.7499"
120,120,120,121,快车,10-14 19:27 周一,北京市,兴业大街|北京石油化工学院-北1门,观音寺小区25号楼,4.5,18.08,北京市兴业大街|北京石油化工学院-北1门,北京市观音寺小区25号楼,"116.324701,39.7499","116.3473,39.7278"
121,121,121,122,快车,10-19 19:08 周六,北京市,观音寺-北门,兴华大街|最・影城,3.1,13.15,北京市观音寺-北门,北京市兴华大街|最・影城,"116.347837,39.7286","116.332131,39.7562"
122,122,122,123,快车,11-02 22:36 周六,北京市,兴业大街|中国工商银行(丽园路支行),观音寺小区25号楼,4.7,17.77,北京市兴业大街|中国工商银行(丽园路支行),北京市观音寺小区25号楼,"116.324651,39.7502","116.3473,39.7278"
123,123,123,124,快车,11-05 11:33 周二,北京市,兴华大街|北京石油化工学院-北2门,观音寺小区25号楼,4.1,14.6,北京市兴华大街|北京石油化工学院-北2门,北京市观音寺小区25号楼,"116.332131,39.7562","116.3473,39.7278"
124,124,124,125,快车,11-05 15:52 周二,北京市,观音寺-北门,兴华大街|北京石油化工学院-南门,3.7,13.14,北京市观音寺-北门,北京市兴华大街|北京石油化工学院-南门,"116.347837,39.7286","116.325793,39.7462"
125,125,125,126,快车,11-10 16:06 周日,北京市,兴华大街|彩虹新城-西1门,大兴区黄村镇一中心观音寺小学,3.6,7.92,北京市兴华大街|彩虹新城-西1门,北京市大兴区黄村镇一中心观音寺小学,"116.332131,39.7562","116.349812,39.7297"
126,126,126,127,快车,11-10 18:05 周日,北京市,观音寺-北门,大兴区|康泰园,6.19,20.62,北京市观音寺-北门,北京市大兴区|康泰园,"116.347837,39.7286","116.341483,39.7269"
127,127,127,128,快车,11-21 12:40 周四,北京市,知春路|泛亚大厦-北门,学院路|北京科技大学-东2门,5.8,16.03,北京市知春路|泛亚大厦-北门,北京市学院路|北京科技大学-东2门,"116.33996,39.9764","116.353207,39.9894"
128,128,128,129,快车,11-21 13:20 周四,北京市,学院路|北京科技大学-东2门,定福庄|北京第二外国语学院,27.36,47.72,北京市学院路|北京科技大学-东2门,北京市定福庄|北京第二外国语学院,"116.353207,39.9894","116.559329,39.9168"
129,129,129,130,快车,11-24 17:40 周日,北京市,将台路|将台地铁站C东南口,将台路|ZMAX HOTELS北京酒仙桥丽都798酒店(北京7…,1.7,13,北京市将台路|将台地铁站C东南口,北京市将台路|ZMAX HOTELS北京酒仙桥丽都798酒店(北京7…,"116.488955,39.9730","116.488955,39.9730"
130,130,130,131,快车,11-29 18:11 周五,北京市,兴业大街|中国工商银行(丽园路支行),观音寺小区25号楼,4.4,21.11,北京市兴业大街|中国工商银行(丽园路支行),北京市观音寺小区25号楼,"116.324651,39.7502","116.3473,39.7278"
131,131,131,132,快车,11-29 19:30 周五,北京市,大兴区黄村镇一中心观音寺小学-西门,黄村西大街地铁站A西北口,1.7,14,北京市大兴区黄村镇一中心观音寺小学-西门,北京市黄村西大街地铁站A西北口,"116.34896,39.729","116.331741,39.7320"
132,132,132,133,快车,11-30 14:31 周六,北京市,观音寺-北门,大兴区|康泰园,6.2,23.43,北京市观音寺-北门,北京市大兴区|康泰园,"116.347837,39.7286","116.341483,39.7269"
133,133,133,134,快车,12-01 13:44 周日,北京市,观音寺-北门,兴华大街|咖啡一色(石化学院丽园小区东南),4.1,9.74,北京市观音寺-北门,北京市兴华大街|咖啡一色(石化学院丽园小区东南),"116.347837,39.7286","116.332131,39.7562"
134,134,134,135,快车,12-04 22:30 周三,北京市,兴华大街|艾莎菲尔(大兴七店),观音寺小区25号楼,4.2,16.7,北京市兴华大街|艾莎菲尔(大兴七店),北京市观音寺小区25号楼,"116.332131,39.7562","116.3473,39.7278"
135,135,135,136,快车,12-07 16:07 周六,北京市,康庄路|康泰园-南门,观音寺小区25号楼,6.3,22.25,北京市康庄路|康泰园-南门,北京市观音寺小区25号楼,"116.325202,39.7572","116.3473,39.7278"
136,136,136,137,快车,12-09 13:08 周一,北京市,观音寺-北门,兴华大街|北京石油化工学院-南门,4,13.68,北京市观音寺-北门,北京市兴华大街|北京石油化工学院-南门,"116.347837,39.7286","116.325793,39.7462"
137,137,137,138,快车,12-27 16:14 周五,北京市,兴业大街|中国工商银行(丽园路支行),观音寺小区25号楼,4.7,12.38,北京市兴业大街|中国工商银行(丽园路支行),北京市观音寺小区25号楼,"116.324651,39.7502","116.3473,39.7278"
138,138,138,139,快车,12-27 17:52 周五,北京市,观音寺-北门,兴丰大街|盛和轩烤鸭店(彩虹新城店),3,14.06,北京市观音寺-北门,北京市兴丰大街|盛和轩烤鸭店(彩虹新城店),"116.347837,39.7286","116.337583,39.7499"
139,139,139,140,快车,12-27 23:27 周五,北京市,康庄西巷|北京大兴华夏村镇银行,兴华大街|绿地中央广场(高米店),2.8,13.3,北京市康庄西巷|北京大兴华夏村镇银行,北京市兴华大街|绿地中央广场(高米店),"116.311309,39.7535","116.332131,39.7562"
140,140,140,141,快车,12-28 08:51 周六,北京市,大望路|LGD(金地广场店),朝阳区|奥加美术馆酒店,0,4,北京市大望路|LGD(金地广场店),北京市朝阳区|奥加美术馆酒店,"116.475783,39.9082","116.443136,39.9214"
141,141,141,142,快车,12-28 08:57 周六,北京市,大望路|北京银行(现代城支行),朝阳区|奥加美术馆酒店,7,18.43,北京市大望路|北京银行(现代城支行),北京市朝阳区|奥加美术馆酒店,"116.475783,39.9082","116.443136,39.9214"
142,142,142,143,快车,12-28 17:13 周六,北京市,旗舰路|海通・梧桐苑-北门,朝阳区|幸福二村34号院,23.4,77.81,北京市旗舰路|海通・梧桐苑-北门,北京市朝阳区|幸福二村34号院,"116.643832,39.8754","116.443136,39.9214"
143,143,143,144,快车,12-31 10:10 周二,北京市,观音寺-北门,兴业大街|北京石油化工学院-北1门,3.8,14.12,北京市观音寺-北门,北京市兴业大街|北京石油化工学院-北1门,"116.347837,39.7286","116.324701,39.7499"
144,144,144,145,快车,01-01 18:02 周三,北京市,兴华大街|枣园地铁站C东南口附近-上车点,大兴区|康泰园,2.9,13,北京市兴华大街|枣园地铁站C东南口附近-上车点,北京市大兴区|康泰园,"116.332131,39.7562","116.341483,39.7269"
145,145,145,146,快车,01-07 10:29 周二,北京市,观音寺-北门,兴华大街|北京印刷学院-北门,3.3,13.42,北京市观音寺-北门,北京市兴华大街|北京印刷学院-北门,"116.347837,39.7286","116.330411,39.7461"
146,146,146,147,快车,01-08 11:48 周三,北京市,观音寺-北门,大兴区|康泰园,6.2,18.98,北京市观音寺-北门,北京市大兴区|康泰园,"116.347837,39.7286","116.341483,39.7269"
147,147,147,148,快车,01-11 13:15 周六,北京市,观音寺-北门,大兴区|康泰园,6.3,21.21,北京市观音寺-北门,北京市大兴区|康泰园,"116.347837,39.7286","116.341483,39.7269"
148,148,148,149,快车,01-12 10:45 周日,北京市,观音寺-北门,荟聚・西红门购物中心-东北门,7.8,24.54,北京市观音寺-北门,北京市荟聚・西红门购物中心-东北门,"116.347837,39.7286","116.327817,39.7898"
149,149,149,150,快车,01-12 12:05 周日,北京市,地铁西红门站-公交站路西,比格比萨(西红门新都荟店),1.9,13,北京市地铁西红门站-公交站路西,北京市比格比萨(西红门新都荟店),"116.329071,39.7884","116.352527,39.9239"
150,150,150,151,快车,01-13 20:12 周一,北京市,康庄路|康泰园-南门,大兴区黄村西大街26号首都医科大学大兴医院|首都医科大学大兴医…,4.6,16.64,北京市康庄路|康泰园-南门,北京市大兴区黄村西大街26号首都医科大学大兴医院|首都医科大学大兴医…,"116.325202,39.7572","116.334382,39.7309"
151,151,151,152,快车,01-14 16:14 周二,北京市,康庄路|康泰园-南门,黄村|首都医科大学大兴医院-北1门,4.5,15.6,北京市康庄路|康泰园-南门,北京市黄村|首都医科大学大兴医院-北1门,"116.325202,39.7572","116.346341,39.7269"
152,152,152,153,快车,01-16 13:51 周四,北京市,观音寺-北门,黄村火车站地铁站A西北口,2.8,13,北京市观音寺-北门,北京市黄村火车站地铁站A西北口,"116.347837,39.7286","116.332274,39.7234"
153,153,153,154,快车,01-19 15:05 周日,北京市,观音寺-北门,大兴区兴业大街与枣园路交叉口西 150米丽园-B区|丽园B区-北…,4.6,17.24,北京市观音寺-北门,北京市大兴区兴业大街与枣园路交叉口西 150米丽园-B区|丽园B区-北…,"116.347837,39.7286","116.319891,39.7528"
154,154,154,155,快车,01-20 21:47 周一,北京市,鑫手勺东北菜(康庄路店)西南侧,观音寺小区25号楼,6.3,23.38,北京市鑫手勺东北菜(康庄路店)西南侧,北京市观音寺小区25号楼,"116.414092,40.0883","116.3473,39.7278"
155,155,155,156,快车,01-22 14:35 周三,北京市,观音寺-北门,大兴区|康泰园,6.1,23.84,北京市观音寺-北门,北京市大兴区|康泰园,"116.347837,39.7286","116.341483,39.7269"
156,156,156,157,快车,01-22 15:04 周三,北京市,鑫手勺东北菜(康庄路店),黄村西大街-地铁站,4.5,20.1,北京市鑫手勺东北菜(康庄路店),北京市黄村西大街-地铁站,"116.414092,40.0883","116.332631,39.7317"
157,157,157,158,快车,01-22 15:35 周三,北京市,黄村|首都医科大学大兴医院-北门,大兴区|康泰园,5.6,23.14,北京市黄村|首都医科大学大兴医院-北门,北京市大兴区|康泰园,"116.346341,39.7269","116.341483,39.7269"
158,158,158,159,快车,01-22 17:11 周三,北京市,鑫手勺东北菜(康庄路店),观音寺小区25号楼,6.36,26.56,北京市鑫手勺东北菜(康庄路店),北京市观音寺小区25号楼,"116.414092,40.0883","116.3473,39.7278"
159,159,159,160,快车,01-24 12:15 周五,北京市,观音寺-北门,大兴区|康泰园,6.2,30.03,北京市观音寺-北门,北京市大兴区|康泰园,"116.347837,39.7286","116.341483,39.7269"
160,160,160,161,快车,01-25 13:52 周六,北京市,鑫手勺东北菜(康庄路店)西南侧,大兴区|天堂河小区北区,13.9,45.98,北京市鑫手勺东北菜(康庄路店)西南侧,北京市大兴区|天堂河小区北区,"116.414092,40.0883","116.341483,39.7269"
161,161,161,162,快车,01-27 12:27 周一,北京市,观音寺-北门,大兴区|康泰园,6.2,33.03,北京市观音寺-北门,北京市大兴区|康泰园,"116.347837,39.7286","116.341483,39.7269"
162,162,162,163,滴滴快车,04-01 11:52 周四,北京市,鲁谷|北京石景山万达广场-西门,石景山区|北方工业大学-南门,4.6,15.32,北京市鲁谷|北京石景山万达广场-西门,北京市石景山区|北方工业大学-南门,"116.238542,39.9011","116.223015,39.9063"
163,163,163,164,滴滴专车,04-01 12:13 周四,北京市,八角东街|北方工业大学-南门,荟聚购物中心(西红门店)北侧-下车点,26.6,81.82,北京市八角东街|北方工业大学-南门,北京市荟聚购物中心(西红门店)北侧-下车点,"116.206945,39.922","116.326497,39.7881"
164,164,164,165,滴滴快车,04-01 14:33 周四,北京市,地铁西红门站-公交站(欣宁街)路西,观音寺北里小区-东门,7.7,20.58,北京市地铁西红门站-公交站(欣宁街)路西,北京市观音寺北里小区-东门,"116.327804,39.7971","116.348768,39.7296"
165,165,165,166,滴滴快车,04-01 18:35 周四,北京市,观音寺-北门,兴华大街|北京石油化工学院-南门,3.8,15.32,北京市观音寺-北门,北京市兴华大街|北京石油化工学院-南门,"116.347837,39.7286","116.325793,39.7462"
166,166,166,167,滴滴快车,04-01 21:43 周四,北京市,兴华大街|北京石油化工学院-南门,观音寺小区25号楼,3.7,15.58,北京市兴华大街|北京石油化工学院-南门,北京市观音寺小区25号楼,"116.325793,39.7462","116.3473,39.7278"
167,167,167,168,滴滴快车,04-04 11:48 周日,北京市,观音寺-北门,兴华大街|枣园尚城南区-北门,4.5,15.3,北京市观音寺-北门,北京市兴华大街|枣园尚城南区-北门,"116.347837,39.7286","116.332131,39.7562"
168,168,168,169,滴滴快车,04-06 22:04 周二,北京市,兴华大街|枣园-C口(东南口),观音寺小区25号楼,6.7,24.93,北京市兴华大街|枣园-C口(东南口),北京市观音寺小区25号楼,"116.332131,39.7562","116.3473,39.7278"
169,169,169,170,滴滴快车,04-07 09:28 周三,北京市,观音寺-北门,兴华大街|北京石油化工学院-南门,3.8,15.32,北京市观音寺-北门,北京市兴华大街|北京石油化工学院-南门,"116.347837,39.7286","116.325793,39.7462"
170,170,170,171,滴滴快车,04-07 21:35 周三,北京市,兴华大街|北京石油化工学院-南门,观音寺小区25号楼,4,16.25,北京市兴华大街|北京石油化工学院-南门,北京市观音寺小区25号楼,"116.325793,39.7462","116.3473,39.7278"
171,171,171,172,滴滴快车,04-08 23:04 周四,北京市,兴华大街|枣园小区-南门南侧,观音寺北里小区-东门,3.7,15.58,北京市兴华大街|枣园小区-南门南侧,北京市观音寺北里小区-东门,"116.332131,39.7562","116.348768,39.7296"
172,172,172,173,滴滴快车,04-10 13:25 周六,北京市,兴华大街|北京石油化工学院-南门,荟聚购物中心(西红门店)北侧-下车点,5.2,15.18,北京市兴华大街|北京石油化工学院-南门,北京市荟聚购物中心(西红门店)北侧-下车点,"116.325793,39.7462","116.326497,39.7881"
173,173,173,174,滴滴快车,04-13 21:02 周二,北京市,兴华大街|彩虹新城-西门对面,观音寺小区25号楼,3.5,15.13,北京市兴华大街|彩虹新城-西门对面,北京市观音寺小区25号楼,"116.332131,39.7562","116.3473,39.7278"
174,174,174,175,滴滴快车,04-14 09:31 周三,北京市,观音寺-北门,兴华大街|北京石油化工学院-南门,3.5,14.83,北京市观音寺-北门,北京市兴华大街|北京石油化工学院-南门,"116.347837,39.7286","116.325793,39.7462"
175,175,175,176,滴滴快车,04-21 20:19 周三,北京市,兴华大街|兴创大厦-北门,兴华大街|枣园尚城南区-北门,1.3,14,北京市兴华大街|兴创大厦-北门,北京市兴华大街|枣园尚城南区-北门,"116.332131,39.7562","116.332131,39.7562"
176,176,176,177,滴滴快车,04-28 07:01 周三,北京市,观音寺-北门,兴华大街|枣园尚城南区-北门,4.4,17.91,北京市观音寺-北门,北京市兴华大街|枣园尚城南区-北门,"116.347837,39.7286","116.332131,39.7562"
177,177,177,178,滴滴快车,04-28 19:55 周三,北京市,兴业大街|北京石油化工学院-北门,观音寺小区25号楼,4.2,15.98,北京市兴业大街|北京石油化工学院-北门,北京市观音寺小区25号楼,"116.328622,39.7500","116.3473,39.7278"
178,178,178,179,滴滴快车,04-29 22:12 周四,北京市,宣武门地铁站E口,崇文门|北京汇,3.86,12.27,北京市宣武门地铁站E口,北京市崇文门|北京汇,"116.373498,39.8897","116.417093,39.9010"
179,179,179,180,滴滴快车,05-02 15:57 周日,北京市,观音寺-北门,兴华大街|枣园尚城南区-北门,4.5,15.3,北京市观音寺-北门,北京市兴华大街|枣园尚城南区-北门,"116.347837,39.7286","116.332131,39.7562"
180,180,180,181,滴滴快车,05-02 21:07 周日,北京市,兴华大街|枣园尚城南区-东门,观音寺小区25号楼,4.2,16.66,北京市兴华大街|枣园尚城南区-东门,北京市观音寺小区25号楼,"116.332131,39.7562","116.3473,39.7278"
181,181,181,182,滴滴快车,05-04 16:19 周二,北京市,新源大街|奈雪的茶(北京凯德天宫院店),观音寺小区25号楼,8.9,25.03,北京市新源大街|奈雪的茶(北京凯德天宫院店),北京市观音寺小区25号楼,"116.31758,39.7190","116.3473,39.7278"
182,182,182,183,滴滴快车,05-08 22:59 周六,北京市,兴华大街|北京印刷学院-东门,观音寺小区25号楼,3.2,14.45,北京市兴华大街|北京印刷学院-东门,北京市观音寺小区25号楼,"116.332145,39.7438","116.3473,39.7278"
183,183,183,184,滴滴快车,05-10 16:02 周一,北京市,兴华大街|北京石油化工学院-南门,观音寺小区25号楼,4,14.4,北京市兴华大街|北京石油化工学院-南门,北京市观音寺小区25号楼,"116.325793,39.7462","116.3473,39.7278"
184,184,184,185,滴滴快车,05-12 19:15 周三,北京市,观音寺-北门,兴华大街|北京石油化工学院-南门,2.9,14,北京市观音寺-北门,北京市兴华大街|北京石油化工学院-南门,"116.347837,39.7286","116.325793,39.7462"
185,185,185,186,滴滴快车,05-16 12:01 周日,北京市,观音寺-北门,兴华大街|枣园尚城南区-北门,4.3,15.29,北京市观音寺-北门,北京市兴华大街|枣园尚城南区-北门,"116.347837,39.7286","116.332131,39.7562"
186,186,186,187,滴滴快车,05-19 21:31 周三,北京市,兴华大街|北京石油化工学院-北3门对面,观音寺小区25号楼,4.8,18.05,北京市兴华大街|北京石油化工学院-北3门对面,北京市观音寺小区25号楼,"116.332131,39.7562","116.3473,39.7278"
187,187,187,188,滴滴快车,05-22 13:11 周六,北京市,观音寺-北门,兴华大街|北京石油化工学院-南门,3.9,14.58,北京市观音寺-北门,北京市兴华大街|北京石油化工学院-南门,"116.347837,39.7286","116.325793,39.7462"
188,188,188,189,滴滴专车,05-22 16:01 周六,北京市,建国门地铁站B口,朝阳区|幸福二村小区34号院,4.4,25.79,北京市建国门地铁站B口,北京市朝阳区|幸福二村小区34号院,"116.436877,39.9090","116.443136,39.9214"
189,189,189,190,滴滴专车,05-24 16:04 周一,北京市,兴华大街|北京石油化工学院-南门,海子角东口-公交站,5.4,25.76,北京市兴华大街|北京石油化工学院-南门,北京市海子角东口-公交站,"116.325793,39.7462","116.355209,39.7187"
190,190,190,191,滴滴快车,05-24 18:16 周一,北京市,海子角东口-公交站-上车点,兴华大街|北京石油化工学院-南门,7.08,22.19,北京市海子角东口-公交站-上车点,北京市兴华大街|北京石油化工学院-南门,"116.355209,39.7187","116.325793,39.7462"
191,191,191,192,滴滴快车,05-28 12:44 周五,北京市,观音寺-北门,兴华大街|北京石油化工学院-南门,3.7,12.87,北京市观音寺-北门,北京市兴华大街|北京石油化工学院-南门,"116.347837,39.7286","116.325793,39.7462"
192,192,192,193,滴滴快车,05-31 22:04 周一,北京市,兴华大街|北京石油化工学院-南门,观音寺小区25号楼,3.96,14.5,北京市兴华大街|北京石油化工学院-南门,北京市观音寺小区25号楼,"116.325793,39.7462","116.3473,39.7278"
193,193,193,194,滴滴快车,06-02 22:07 周三,北京市,兴华大街|北京石油化工学院-北3门,观音寺小区25号楼,4.09,14.16,北京市兴华大街|北京石油化工学院-北3门,北京市观音寺小区25号楼,"116.328622,39.7500","116.3473,39.7278"
194,194,194,195,滴滴快车,06-04 17:57 周五,北京市,兴华大街|北京石油化工学院-南门,观音寺小区25号楼,3.97,17.64,北京市兴华大街|北京石油化工学院-南门,北京市观音寺小区25号楼,"116.325793,39.7462","116.3473,39.7278"
195,195,195,196,滴滴快车,06-07 06:46 周一,北京市,观音寺-北门,兴华大街|北京石油化工学院-北3门,4.84,15.95,北京市观音寺-北门,北京市兴华大街|北京石油化工学院-北3门,"116.347837,39.7286","116.328622,39.7500"
196,196,196,197,滴滴快车,06-09 21:01 周三,北京市,兴华大街|北京石油化工学院-北3门,观音寺小区25号楼,4.17,14.99,北京市兴华大街|北京石油化工学院-北3门,北京市观音寺小区25号楼,"116.328622,39.7500","116.3473,39.7278"
197,197,197,198,滴滴快车,06-13 12:16 周日,北京市,观音寺-北门,兴华大街|枣园尚城南区-北门,4.5,15.64,北京市观音寺-北门,北京市兴华大街|枣园尚城南区-北门,"116.347837,39.7286","116.332131,39.7562"
198,198,198,199,滴滴快车,06-14 14:39 周一,北京市,观音寺-北门,大兴区|天堂河小区东侧-下车点,8.6,26.06,北京市观音寺-北门,北京市大兴区|天堂河小区东侧-下车点,"116.347837,39.7286","116.341483,39.7269"
199,199,199,200,滴滴快车,06-15 20:35 周二,北京市,兴华大街|枣园尚城南区-东门东南侧,观音寺小区25号楼,4.6,17.44,北京市兴华大街|枣园尚城南区-东门东南侧,北京市观音寺小区25号楼,"116.332131,39.7562","116.3473,39.7278"
200,200,200,201,滴滴快车,06-16 08:08 周三,北京市,观音寺-北门,兴华大街|北京石油化工学院-北3门,3.9,16.29,北京市观音寺-北门,北京市兴华大街|北京石油化工学院-北3门,"116.347837,39.7286","116.328622,39.7500"
201,201,201,202,滴滴快车,06-18 22:30 周五,北京市,兴华大街|世纪华联生活超市枣园店,观音寺小区25号楼,4.52,15.6,北京市兴华大街|世纪华联生活超市枣园店,北京市观音寺小区25号楼,"116.332131,39.7562","116.3473,39.7278"
202,202,202,203,滴滴快车,06-19 14:10 周六,北京市,黄村|火神庙-北门,黄村西大街-地铁站,1.84,11.05,北京市黄村|火神庙-北门,北京市黄村西大街-地铁站,"116.33709,39.7285","116.332631,39.7317"
203,203,203,204,滴滴快车,06-19 19:18 周六,北京市,兴华大街|枣园地铁站A口,观音寺小区25号楼,4.5,14.54,北京市兴华大街|枣园地铁站A口,北京市观音寺小区25号楼,"116.331251,39.7536","116.3473,39.7278"
204,204,204,205,滴滴快车,06-20 11:23 周日,北京市,观音寺-北门,兴华大街|枣园尚城南区-北门,4.4,15.74,北京市观音寺-北门,北京市兴华大街|枣园尚城南区-北门,"116.347837,39.7286","116.332131,39.7562"
205,205,205,206,滴滴快车,06-21 10:43 周一,北京市,蓟门桥|蓟门里南区-南2门,中国工商银行(北京北太平庄支行),4.3,17.29,北京市蓟门桥|蓟门里南区-南2门,北京市中国工商银行(北京北太平庄支行),"116.354029,39.9677","116.369463,39.9703"
206,206,206,207,滴滴快车,06-22 21:25 周二,北京市,外馆东街23号院-西门,地铁19号线一期;地铁4号线大兴线;地铁6号线平安里-地铁站|…,6.7,27.56,北京市外馆东街23号院-西门,北京市地铁19号线一期;地铁4号线大兴线;地铁6号线平安里-地铁站|…,"116.40566,39.9650","116.372883,39.9339"
207,207,207,208,滴滴快车,06-22 22:32 周二,北京市,兴华大街|世纪华联生活超市枣园店,观音寺小区25号楼,4.46,15.25,北京市兴华大街|世纪华联生活超市枣园店,北京市观音寺小区25号楼,"116.332131,39.7562","116.3473,39.7278"
208,208,208,209,滴滴快车,06-24 23:03 周四,北京市,兴华大街|北京石油化工学院-南门,观音寺小区25号楼,4,16.25,北京市兴华大街|北京石油化工学院-南门,北京市观音寺小区25号楼,"116.325793,39.7462","116.3473,39.7278"
209,209,209,210,滴滴快车,06-25 18:25 周五,北京市,五道口|清华同方科技广场-东门,新街口地铁站A口,9.6,32.96,北京市五道口|清华同方科技广场-东门,北京市新街口地铁站A口,"116.337742,39.9928","116.36679,39.9409"
210,210,210,211,滴滴快车,06-25 19:51 周五,北京市,兴华大街|枣园地铁站A口附近-上车点,大兴区|首开康乃馨城-东门,1.8,14,北京市兴华大街|枣园地铁站A口附近-上车点,北京市大兴区|首开康乃馨城-东门,"116.332131,39.7562","116.341483,39.7269"
211,211,211,212,滴滴快车,06-26 09:43 周六,北京市,观音寺-北门,兴华大街|枣园尚城南区-北门,4.7,21.23,北京市观音寺-北门,北京市兴华大街|枣园尚城南区-北门,"116.347837,39.7286","116.332131,39.7562"
212,212,212,213,滴滴快车,06-26 21:56 周六,北京市,兴华大街|枣园尚城南区-东门,观音寺小区25号楼,4.6,17.55,北京市兴华大街|枣园尚城南区-东门,北京市观音寺小区25号楼,"116.332131,39.7562","116.3473,39.7278"
213,213,213,214,滴滴快车,06-27 14:24 周日,北京市,观音寺-北门,兴华大街|咖啡一色,4,14.76,北京市观音寺-北门,北京市兴华大街|咖啡一色,"116.347837,39.7286","116.332131,39.7562"
214,214,214,215,滴滴快车,06-27 21:07 周日,北京市,兴华大街|枣园尚城南区-北门,观音寺小区25号楼,4.6,17.55,北京市兴华大街|枣园尚城南区-北门,北京市观音寺小区25号楼,"116.332131,39.7562","116.3473,39.7278"
215,215,215,216,滴滴快车,06-28 09:26 周一,北京市,观音寺-北门,大兴区|首开康乃馨城30号院19号楼,5.6,19.89,北京市观音寺-北门,北京市大兴区|首开康乃馨城30号院19号楼,"116.347837,39.7286","116.341483,39.7269"
216,216,216,217,滴滴快车,06-28 13:29 周一,北京市,首开康乃馨城30号院19号楼东侧-上车点,兴华大街|枣园尚城南区-北门,2.5,13,北京市首开康乃馨城30号院19号楼东侧-上车点,北京市兴华大街|枣园尚城南区-北门,"116.311304,39.7475","116.332131,39.7562"
217,217,217,218,滴滴快车,06-28 20:21 周一,北京市,明光村西站-公交站路南,前门|无印良品酒店(北京坊店),10.6,37.94,北京市明光村西站-公交站路南,北京市前门|无印良品酒店(北京坊店),"116.350052,39.9580","116.403883,39.8961"
218,218,218,219,滴滴快车,06-29 13:04 周二,北京市,黄村西大街地铁站A口,观音寺小区25号楼,2.4,15,北京市黄村西大街地铁站A口,北京市观音寺小区25号楼,"116.331741,39.7320","116.3473,39.7278"
219,219,219,220,滴滴快车,07-02 18:16 周五,北京市,观音寺-北门,地铁4号线大兴线|枣园-地铁站,4,20.68,北京市观音寺-北门,北京市地铁4号线大兴线|枣园-地铁站,"116.347837,39.7286","116.332204,39.7534"
220,220,220,221,滴滴快车,07-02 21:35 周五,北京市,兴华大街|世纪华联生活超市枣园店,观音寺小区25号楼,4.4,15.25,北京市兴华大街|世纪华联生活超市枣园店,北京市观音寺小区25号楼,"116.332131,39.7562","116.3473,39.7278"
221,221,221,222,滴滴快车,07-04 12:20 周日,北京市,观音寺-北门,兴华大街|枣园尚城南区-北门,4.36,12.62,北京市观音寺-北门,北京市兴华大街|枣园尚城南区-北门,"116.347837,39.7286","116.332131,39.7562"
222,222,222,223,滴滴快车,07-06 17:23 周二,北京市,观音寺-北门,黄村火车站地铁站B口附近-下车点,2.32,9.77,北京市观音寺-北门,北京市黄村火车站地铁站B口附近-下车点,"116.347837,39.7286","116.353387,39.7014"
223,223,223,224,滴滴快车,07-06 22:16 周二,北京市,外馆东街23号院-西门,新街口|平安里地铁站A口,6.55,16.44,北京市外馆东街23号院-西门,北京市新街口|平安里地铁站A口,"116.40566,39.9650","116.372796,39.9493"
224,224,224,225,滴滴快车,07-06 23:26 周二,北京市,兴华大街|世纪华联生活超市枣园店,观音寺小区25号楼,4.31,10.4,北京市兴华大街|世纪华联生活超市枣园店,北京市观音寺小区25号楼,"116.332131,39.7562","116.3473,39.7278"
225,225,225,226,滴滴快车,07-07 17:30 周三,北京市,观音寺-北门,大兴区|山姆大叔(天健广场校区),5.38,20.97,北京市观音寺-北门,北京市大兴区|山姆大叔(天健广场校区),"116.347837,39.7286","116.341483,39.7269"
226,226,226,227,滴滴快车,07-07 18:38 周三,北京市,枣园路|山姆大叔(天健广场校区),北京市大兴区清源街道枣园巷枣园尚城南区北门|枣园尚城南区-北门,1.2,12.57,北京市枣园路|山姆大叔(天健广场校区),北京市北京市大兴区清源街道枣园巷枣园尚城南区北门|枣园尚城南区-北门,"116.324126,39.7529","116.327341,39.7554"
227,227,227,228,滴滴快车,07-07 20:56 周三,北京市,兴华大街|枣园尚城南区-东门,观音寺小区25号楼,4.61,16.97,北京市兴华大街|枣园尚城南区-东门,北京市观音寺小区25号楼,"116.332131,39.7562","116.3473,39.7278"
228,228,228,229,滴滴快车,07-08 16:03 周四,北京市,观音寺-北门,兴华大街|高米店北地铁站A口,6.76,18.09,北京市观音寺-北门,北京市兴华大街|高米店北地铁站A口,"116.347837,39.7286","116.330371,39.7744"
229,229,229,230,滴滴快车,07-08 16:23 周四,北京市,兴华大街|高米店北地铁站A口附近-上车点,黄村|花筑・华兴酒店,4.55,16.1,北京市兴华大街|高米店北地铁站A口附近-上车点,北京市黄村|花筑・华兴酒店,"116.332131,39.7562","116.33709,39.7285"
230,230,230,231,滴滴快车,07-09 14:06 周五,北京市,黄村|花筑・北京华兴酒店-东门,观音寺小区25号楼,1.86,11.57,北京市黄村|花筑・北京华兴酒店-东门,北京市观音寺小区25号楼,"116.33709,39.7285","116.3473,39.7278"
231,231,231,232,滴滴快车,07-11 13:23 周日,北京市,观音寺-北门,兴华大街|北京印刷学院-东门,3.4,15.8,北京市观音寺-北门,北京市兴华大街|北京印刷学院-东门,"116.347837,39.7286","116.332145,39.7438"
232,232,232,233,滴滴快车,07-13 12:24 周二,北京市,观音寺-北门,黄村西大街-地铁站,1.7,13,北京市观音寺-北门,北京市黄村西大街-地铁站,"116.347837,39.7286","116.332631,39.7317"
233,233,233,234,滴滴快车,07-13 14:17 周二,北京市,外馆东街23号院-西门,朝阳区|幸福二村小区34号院,7.1,29.61,北京市外馆东街23号院-西门,北京市朝阳区|幸福二村小区34号院,"116.40566,39.9650","116.443136,39.9214"
234,234,234,235,滴滴快车,07-13 16:06 周二,北京市,幸福二村巷|幸福二村34号院-东南门,东城区王府井大街88号in881F层王府井银泰in88|北京王…,5.2,26.59,北京市幸福二村巷|幸福二村34号院-东南门,北京市东城区王府井大街88号in881F层王府井银泰in88|北京王…,"116.447465,39.9394","116.411812,39.9161"
235,235,235,236,滴滴快车,07-13 20:29 周二,北京市,外馆东街23号院-西门,观音寺小区25号楼,32.73,84.42,北京市外馆东街23号院-西门,北京市观音寺小区25号楼,"116.40566,39.9650","116.3473,39.7278"
236,236,236,237,滴滴快车,07-14 10:16 周三,北京市,观音寺-北门,枣园-地铁站,3.9,14.26,北京市观音寺-北门,北京市枣园-地铁站,"116.347837,39.7286","116.332204,39.7534"
237,237,237,238,滴滴快车,07-14 11:45 周三,北京市,兴华大街|枣园地铁站B口,安贞|外馆东街23号院,29.3,67.54,北京市兴华大街|枣园地铁站B口,北京市安贞|外馆东街23号院,"116.332131,39.7562","116.403378,39.9731"
238,238,238,239,滴滴快车,07-14 13:06 周三,北京市,安贞|安华里社区-西1门,工体|光彩国际公寓,8.49,16.71,北京市安贞|安华里社区-西1门,北京市工体|光彩国际公寓,"116.403378,39.9731","116.444735,39.9277"
239,239,239,240,滴滴快车,07-14 15:05 周三,北京市,朝外大街|北京工人体育场-南2门,观音寺小区25号楼,32.61,78.67,北京市朝外大街|北京工人体育场-南2门,北京市观音寺小区25号楼,"116.443877,39.9246","116.3473,39.7278"
240,240,240,241,滴滴快车,07-16 12:20 周五,北京市,观音寺-北门,黄村西大街-地铁站,1.62,10.92,北京市观音寺-北门,北京市黄村西大街-地铁站,"116.347837,39.7286","116.332631,39.7317"
241,241,241,242,滴滴快车,07-16 13:38 周五,北京市,朝阳公园|枣营地铁站A口,朝阳公园|SOLANA蓝色港湾-东五门,0,4,北京市朝阳公园|枣营地铁站A口,北京市朝阳公园|SOLANA蓝色港湾-东五门,"116.48247,39.9442","116.48247,39.9442"
242,242,242,243,滴滴快车,07-17 13:08 周六,北京市,君颐百合精品酒店(南地铁站店),观音寺小区25号楼,8.5,27.1,北京市君颐百合精品酒店(南地铁站店),北京市观音寺小区25号楼,"116.333353,39.7661","116.3473,39.7278"
243,243,243,244,滴滴快车,07-20 11:42 周二,北京市,观音寺-北门,兴华大街|万龙洲海鲜(大兴店),4.7,15.38,北京市观音寺-北门,北京市兴华大街|万龙洲海鲜(大兴店),"116.347837,39.7286","116.334625,39.7640"
244,244,244,245,滴滴专车,07-20 14:06 周二,北京市,绿地中央广场・兴贸中心-西门,地铁4号线大兴线枣园-地铁站|枣园地铁站D口,1.9,20.29,北京市绿地中央广场・兴贸中心-西门,北京市地铁4号线大兴线枣园-地铁站|枣园地铁站D口,"116.333298,39.766","116.331307,39.7531"
245,245,245,246,滴滴快车,07-20 20:49 周二,北京市,兴华大街|彩虹新城-西门对面,观音寺小区25号楼,7.2,26.63,北京市兴华大街|彩虹新城-西门对面,北京市观音寺小区25号楼,"116.332131,39.7562","116.3473,39.7278"
246,246,246,247,滴滴快车,07-21 12:46 周三,北京市,观音寺-北门,黄村西大街-地铁站,2.1,13,北京市观音寺-北门,北京市黄村西大街-地铁站,"116.347837,39.7286","116.332631,39.7317"
247,247,247,248,滴滴快车,07-22 20:31 周四,北京市,兴丰大街|绿地缤纷城北区(出入口),观音寺小区25号楼,7.89,27.6,北京市兴丰大街|绿地缤纷城北区(出入口),北京市观音寺小区25号楼,"116.339495,39.7279","116.3473,39.7278"
248,248,248,249,滴滴快车,07-25 10:53 周日,北京市,观音寺-北门,枣园-地铁站,3.94,12.07,北京市观音寺-北门,北京市枣园-地铁站,"116.347837,39.7286","116.332204,39.7534"
249,249,249,250,滴滴快车,07-28 12:48 周三,北京市,宣武门地铁站G口,枣园-地铁站,20,50.15,北京市宣武门地铁站G口,北京市枣园-地铁站,"116.373801,39.8888","116.332204,39.7534"
250,250,250,251,滴滴快车,07-28 14:31 周三,北京市,观音寺北里小区-西1门,海子角|北京市志诚公证处,1.2,13,北京市观音寺北里小区-西1门,北京市海子角|北京市志诚公证处,"116.348845,39.7303","116.345588,39.7192"
251,251,251,252,滴滴快车,07-28 14:56 周三,北京市,黄马路|北京市志诚公证处,兴华大街|北京石油化工学院-南门,5.9,17.06,北京市黄马路|北京市志诚公证处,北京市兴华大街|北京石油化工学院-南门,"116.353897,39.7214","116.325793,39.7462"
252,252,252,253,滴滴快车,07-28 17:31 周三,北京市,兴华大街|北京石油化工学院-南门,大兴区枣园巷2号|枣园尚城南区,2.2,14,北京市兴华大街|北京石油化工学院-南门,北京市大兴区枣园巷2号|枣园尚城南区,"116.325793,39.7462","116.328011,39.7541"
253,253,253,254,滴滴快车,07-29 09:40 周四,北京市,观音寺-北门,兴华大街|北京石油化工学院-南门,3.7,15.15,北京市观音寺-北门,北京市兴华大街|北京石油化工学院-南门,"116.347837,39.7286","116.325793,39.7462"
254,254,254,255,滴滴快车,07-29 10:55 周四,北京市,兴华大街|北京石油化工学院-南门,观音寺小区25号楼,4.1,14.54,北京市兴华大街|北京石油化工学院-南门,北京市观音寺小区25号楼,"116.325793,39.7462","116.3473,39.7278"
255,255,255,256,滴滴快车,07-29 12:33 周四,北京市,观音寺-北门,旧宫|明悦湾-南1门,12.6,32.94,北京市观音寺-北门,北京市旧宫|明悦湾-南1门,"116.347837,39.7286","116.455015,39.8086"
256,256,256,257,滴滴快车,07-29 22:32 周四,北京市,西红门|鸿坤・理想城4期-南门,观音寺小区25号楼,8.5,32.88,北京市西红门|鸿坤・理想城4期-南门,北京市观音寺小区25号楼,"116.351865,39.7929","116.3473,39.7278"
257,257,257,258,滴滴快车,07-30 09:49 周五,北京市,观音寺-北门,海子角|北京市志诚公证处,1.1,14,北京市观音寺-北门,北京市海子角|北京市志诚公证处,"116.347837,39.7286","116.345588,39.7192"
258,258,258,259,滴滴快车,07-30 10:10 周五,北京市,黄马路|北京市志诚公证处,黄村|大兴大悦春风里,2.7,13,北京市黄马路|北京市志诚公证处,北京市黄村|大兴大悦春风里,"116.353897,39.7214","116.346341,39.7269"
259,259,259,260,滴滴快车,07-30 20:44 周五,北京市,兴盛街189号院-东2门,观音寺小区25号楼,4.9,17.14,北京市兴盛街189号院-东2门,北京市观音寺小区25号楼,"116.317729,39.7522","116.3473,39.7278"
260,260,260,261,滴滴快车,07-31 17:10 周六,北京市,观音寺-北门,兴华大街|枣园尚城南区-北门,4.3,14.99,北京市观音寺-北门,北京市兴华大街|枣园尚城南区-北门,"116.347837,39.7286","116.332131,39.7562"
261,261,261,262,滴滴快车,08-02 11:46 周一,北京市,兴华大街|枣园尚城南区-南门,东大桥|北京侨福芳草地,32.2,78.48,北京市兴华大街|枣园尚城南区-南门,北京市东大桥|北京侨福芳草地,"116.332131,39.7562","116.452766,39.9216"
262,262,262,263,滴滴快车,08-02 14:41 周一,北京市,北京侨福芳草地内-上车点,观音寺小区25号楼,30.4,75.23,北京市北京侨福芳草地内-上车点,北京市观音寺小区25号楼,"116.448833,39.9195","116.3473,39.7278"
263,263,263,264,滴滴快车,08-02 19:51 周一,北京市,观音寺|丽枫酒店-东1门,大兴区|兴盛街189号院-东2门,6.2,22.48,北京市观音寺|丽枫酒店-东1门,北京市大兴区|兴盛街189号院-东2门,"116.349207,39.727","116.341483,39.7269"
264,264,264,265,滴滴快车,08-07 10:33 周六,北京市,观音寺-北门,大兴区枣园东里38|翰皇hanor(康庄路店),4.5,15.3,北京市观音寺-北门,北京市大兴区枣园东里38|翰皇hanor(康庄路店),"116.347837,39.7286","116.333838,39.7574"
265,265,265,266,滴滴快车,08-07 10:56 周六,北京市,兴华大街|首邑上城-北2门,北京荟聚中心(西红门店),4.2,14.84,北京市兴华大街|首邑上城-北2门,北京市北京荟聚中心(西红门店),"116.332131,39.7562","116.326497,39.7881"
266,266,266,267,滴滴快车,08-07 18:53 周六,北京市,兴华大街|咖啡一色东侧-上车点,观音寺小区25号楼,2.2,13,北京市兴华大街|咖啡一色东侧-上车点,北京市观音寺小区25号楼,"116.332131,39.7562","116.3473,39.7278"
267,267,267,268,滴滴快车,08-09 16:18 周一,北京市,观音寺-北门,荟聚・西红门购物中心-东北门,10.7,29.78,北京市观音寺-北门,北京市荟聚・西红门购物中心-东北门,"116.347837,39.7286","116.327817,39.7898"
268,268,268,269,滴滴快车,08-10 09:56 周二,北京市,观音寺-北门,大兴区兴盛街与枣园路交叉口南 150米兴盛街189号院|兴盛街1…,4.9,15.25,北京市观音寺-北门,北京市大兴区兴盛街与枣园路交叉口南 150米兴盛街189号院|兴盛街1…,"116.347837,39.7286","116.317697,39.7516"
269,269,269,270,滴滴快车,08-12 15:22 周四,北京市,观音寺-北门,兴华大街|全季酒店(北京大兴绿地缤纷城店),8.3,25.92,北京市观音寺-北门,北京市兴华大街|全季酒店(北京大兴绿地缤纷城店),"116.347837,39.7286","116.333618,39.7663"
270,270,270,271,滴滴快车,08-12 19:55 周四,北京市,兴华大街|全季酒店(北京大兴绿地缤纷城店)东北侧-上车点,大兴区|兴盛街189号院-东2门,3.11,14.47,北京市兴华大街|全季酒店(北京大兴绿地缤纷城店)东北侧-上车点,北京市大兴区|兴盛街189号院-东2门,"116.332131,39.7562","116.341483,39.7269"
271,271,271,272,滴滴快车,08-13 20:13 周五,北京市,黄村|火神庙-北门,观音寺小区25号楼,10.03,35.71,北京市黄村|火神庙-北门,北京市观音寺小区25号楼,"116.33709,39.7285","116.3473,39.7278"
272,272,272,273,滴滴快车,08-15 10:37 周日,北京市,大兴区.南湖巷|观音寺-北门,兴华大街|枣园尚城南区-北门,4.61,13.48,北京市大兴区.南湖巷|观音寺-北门,北京市兴华大街|枣园尚城南区-北门,"116.34923,39.7288","116.332131,39.7562"
273,273,273,274,滴滴快车,08-16 17:58 周一,北京市,观音寺-北门,兴华大街|万龙洲海鲜(大兴店),4.9,15.46,北京市观音寺-北门,北京市兴华大街|万龙洲海鲜(大兴店),"116.347837,39.7286","116.334625,39.7640"
274,274,274,275,滴滴快车,08-17 18:19 周二,北京市,景华南街|汉威大厦-北2门对面,兴华大街|桔子酒店(北京黄村高米店北地铁站店),0,4,北京市景华南街|汉威大厦-北2门对面,北京市兴华大街|桔子酒店(北京黄村高米店北地铁站店),"116.455487,39.9144","116.326963,39.7724"
275,275,275,276,滴滴快车,08-18 07:23 周三,北京市,北京千禧大酒店-正门,北京市大兴区观音寺25号楼|观音寺小区25号楼,36.1,101.73,北京市北京千禧大酒店-正门,北京市北京市大兴区观音寺25号楼|观音寺小区25号楼,"116.459081,39.9170","116.3473,39.7278"
276,276,276,277,滴滴快车,08-18 15:05 周三,北京市,观音寺-北门,兴华大街|枣园尚城南区-北门,4.5,15.1,北京市观音寺-北门,北京市兴华大街|枣园尚城南区-北门,"116.347837,39.7286","116.332131,39.7562"
277,277,277,278,滴滴快车,08-18 15:45 周三,北京市,兴华大街|枣园尚城南区-东门,右安门|首都医科大学附属北京佑安医院-西1门,17.26,35.42,北京市兴华大街|枣园尚城南区-东门,北京市右安门|首都医科大学附属北京佑安医院-西1门,"116.332131,39.7562","116.36615,39.8669"
278,278,278,279,滴滴快车,08-18 18:56 周三,北京市,北京龙湖大兴天街-东南门,大兴区|兴盛街189号院-东2门,7.7,27.36,北京市北京龙湖大兴天街-东南门,北京市大兴区|兴盛街189号院-东2门,"116.320286,39.6879","116.341483,39.7269"
279,279,279,280,滴滴快车,08-18 20:09 周三,北京市,兴盛街189号院-东2门,兴业大街|红木林小区北区-南门,1.01,11.76,北京市兴盛街189号院-东2门,北京市兴业大街|红木林小区北区-南门,"116.317729,39.7522","116.325324,39.7551"
